Customer _ID,Customer_Name,Age,Gender,Location,Product_ID,Product_Name,Category,Price,Order_ID,Quantity,Order_Date,Store_Location,Return_Date,Reason,Total_Sales,month
C0016,Tanvi Ghosh,51,Female,Bangalore,P0007,Kurtas,Clothing,36818,O0001,3,2025-01-07,Bangalore,2023-01-01,Unknown,110455,2025-01
C0016,Tanvi Ghosh,51,Female,Bangalore,P0007,Kurtas,Clothing,36818,O0152,1,2024-11-28,Mumbai,2023-01-01,Unknown,36818,2024-11
C0016,Tanvi Ghosh,51,Female,Bangalore,P0007,Kurtas,Clothing,36818,O0329,3,2025-04-29,Ahmedabad,2023-01-01,Unknown,110455,2025-04
C0016,Tanvi Ghosh,51,Female,Bangalore,P0007,Kurtas,Clothing,36818,O0428,5,2025-01-06,Ahmedabad,2023-01-01,Unknown,184091,2025-01
C0016,Tanvi Ghosh,51,Female,Bangalore,P0007,Kurtas,Clothing,36818,O0440,1,2025-02-16,Pune,2023-01-01,Unknown,36818,2025-02
C0017,Sneha Pillai,33,Male,Lucknow,P0007,Kurtas,Clothing,36818,O0009,4,2025-05-06,Kolkata,2025-05-18,Wrong Item,147273,2025-05
C0017,Sneha Pillai,33,Male,Lucknow,P0007,Kurtas,Clothing,36818,O0143,4,2025-02-13,Bangalore,2023-01-01,Unknown,147273,2025-02
C0017,Sneha Pillai,33,Male,Lucknow,P0007,Kurtas,Clothing,36818,O0401,1,2025-03-20,Ahmedabad,2023-01-01,Unknown,36818,2025-03
C0017,Sneha Pillai,33,Male,Lucknow,P0007,Kurtas,Clothing,36818,O0421,2,2024-12-02,Kolkata,2023-01-01,Unknown,73637,2024-12
C0009,Ishita Shah,39,Female,Lucknow,P0007,Kurtas,Clothing,36818,O0060,2,2025-01-09,Bangalore,2023-01-01,Unknown,73637,2025-01
C0009,Ishita Shah,39,Female,Lucknow,P0007,Kurtas,Clothing,36818,O0098,4,2025-03-10,Jaipur,2023-01-01,Unknown,147273,2025-03
C0009,Ishita Shah,39,Female,Lucknow,P0007,Kurtas,Clothing,36818,O0191,1,2025-01-17,Delhi,2023-01-01,Unknown,36818,2025-01
C0009,Ishita Shah,39,Female,Lucknow,P0007,Kurtas,Clothing,36818,O0500,1,2024-11-28,Bangalore,2023-01-01,Unknown,36818,2024-11
C0010,Saanvi Joshi,37,Female,Mumbai,P0007,Kurtas,Clothing,36818,O0102,1,2024-12-09,Lucknow,2023-01-01,Unknown,36818,2024-12
C0010,Saanvi Joshi,37,Female,Mumbai,P0007,Kurtas,Clothing,36818,O0294,5,2024-12-15,Delhi,2024-12-24,Wrong Item,184091,2024-12
C0010,Saanvi Joshi,37,Female,Mumbai,P0007,Kurtas,Clothing,36818,O0334,3,2025-01-18,Kolkata,2025-04-05,No Longer Needed,110455,2025-01
C0008,Diya Kapoor,43,Female,Lucknow,P0007,Kurtas,Clothing,36818,O0091,5,2025-01-11,Lucknow,2023-01-01,Unknown,184091,2025-01
C0008,Diya Kapoor,43,Female,Lucknow,P0007,Kurtas,Clothing,36818,O0123,1,2025-02-11,Kolkata,2023-01-01,Unknown,36818,2025-02
C0008,Diya Kapoor,43,Female,Lucknow,P0007,Kurtas,Clothing,36818,O0171,3,2025-03-17,Delhi,2023-01-01,Unknown,110455,2025-03
C0008,Diya Kapoor,43,Female,Lucknow,P0007,Kurtas,Clothing,36818,O0486,4,2024-12-23,Pune,2025-01-18,Late Delivery,147273,2024-12
C0004,Arjun Singh,26,Female,Ahmedabad,P0007,Kurtas,Clothing,36818,O0241,1,2025-03-31,Chennai,2023-01-01,Unknown,36818,2025-03
C0002,Aditya Verma,30,Female,Jaipur,P0007,Kurtas,Clothing,36818,O0126,4,2025-03-13,Pune,2023-01-01,Unknown,147273,2025-03
C0002,Aditya Verma,30,Female,Jaipur,P0007,Kurtas,Clothing,36818,O0430,1,2024-12-29,Jaipur,2023-01-01,Unknown,36818,2024-12
C0003,Krishna Reddy,20,Male,Mumbai,P0007,Kurtas,Clothing,36818,O0139,2,2024-11-29,Delhi,2023-01-01,Unknown,73637,2024-11
C0003,Krishna Reddy,20,Male,Mumbai,P0007,Kurtas,Clothing,36818,O0265,2,2025-05-17,Ahmedabad,2023-01-01,Unknown,73637,2025-05
C0007,Ananya Iyer,57,Female,Bangalore,P0007,Kurtas,Clothing,36818,O0261,1,2025-01-10,Delhi,2023-01-01,Unknown,36818,2025-01
C0006,Kabir Nair,56,Male,Kolkata,P0007,Kurtas,Clothing,36818,O0251,2,2025-01-04,Ahmedabad,2023-01-01,Unknown,73637,2025-01
C0006,Kabir Nair,56,Male,Kolkata,P0007,Kurtas,Clothing,36818,O0411,5,2025-03-04,Jaipur,2023-01-01,Unknown,184091,2025-03
C0001,Vivaan Patel,53,Female,Bangalore,P0007,Kurtas,Clothing,36818,O0434,1,2025-04-02,Pune,2025-04-26,Other,36818,2025-04
C0000,Aarav Sharma,43,Female,Kolkata,P0007,Kurtas,Clothing,36818,O0257,2,2025-02-23,Bangalore,2023-01-01,Unknown,73637,2025-02
C0005,Rohan Mehta,51,Female,Bangalore,P0007,Kurtas,Clothing,36818,O0160,3,2024-12-22,Pune,2023-01-01,Unknown,110455,2024-12
C0012,Aanya Agarwal,44,Female,Mumbai,P0007,Kurtas,Clothing,36818,O0062,1,2025-03-19,Jaipur,2023-01-01,Unknown,36818,2025-03
C0019,Pooja Menon,46,Female,Pune,P0007,Kurtas,Clothing,36818,O0477,5,2025-04-12,Delhi,2023-01-01,Unknown,184091,2025-04
C0019,Pooja Menon,46,Female,Pune,P0007,Kurtas,Clothing,36818,O0484,3,2025-04-30,Bangalore,2023-01-01,Unknown,110455,2025-04
C0018,Kavya Rao,25,Male,Mumbai,P0007,Kurtas,Clothing,36818,O0136,5,2024-12-27,Kolkata,2023-01-01,Unknown,184091,2024-12
C0018,Kavya Rao,25,Male,Mumbai,P0007,Kurtas,Clothing,36818,O0372,3,2025-02-05,Bangalore,2023-01-01,Unknown,110455,2025-02
C0016,Tanvi Ghosh,51,Female,Bangalore,P0008,Suit,Clothing,3208,O0028,3,2025-03-25,Hyderabad,2023-01-01,Unknown,9624,2025-03
C0016,Tanvi Ghosh,51,Female,Bangalore,P0008,Suit,Clothing,3208,O0100,4,2025-05-08,Delhi,2023-01-01,Unknown,12831,2025-05
C0014,Priya Desai,59,Male,Mumbai,P0008,Suit,Clothing,3208,O0142,2,2025-04-11,Kolkata,2023-01-01,Unknown,6416,2025-04
C0014,Priya Desai,59,Male,Mumbai,P0008,Suit,Clothing,3208,O0224,2,2025-02-20,Delhi,2025-04-19,Late Delivery,6416,2025-02
C0014,Priya Desai,59,Male,Mumbai,P0008,Suit,Clothing,3208,O0248,3,2025-05-20,Lucknow,2023-01-01,Unknown,9624,2025-05
C0011,Myra Bhatia,41,Female,Delhi,P0008,Suit,Clothing,3208,O0194,1,2025-03-06,Ahmedabad,2023-01-01,Unknown,3208,2025-03
C0011,Myra Bhatia,41,Female,Delhi,P0008,Suit,Clothing,3208,O0211,5,2024-12-26,Bangalore,2023-01-01,Unknown,16039,2024-12
C0011,Myra Bhatia,41,Female,Delhi,P0008,Suit,Clothing,3208,O0462,5,2025-04-24,Pune,2023-01-01,Unknown,16039,2025-04
C0011,Myra Bhatia,41,Female,Delhi,P0008,Suit,Clothing,3208,O0464,5,2024-12-14,Ahmedabad,2023-01-01,Unknown,16039,2024-12
C0015,Riya Chauhan,55,Female,Bangalore,P0008,Suit,Clothing,3208,O0420,3,2024-12-10,Delhi,2023-01-01,Unknown,9624,2024-12
C0017,Sneha Pillai,33,Male,Lucknow,P0008,Suit,Clothing,3208,O0055,3,2024-12-14,Mumbai,2025-03-10,Wrong Item,9624,2024-12
C0017,Sneha Pillai,33,Male,Lucknow,P0008,Suit,Clothing,3208,O0081,1,2025-03-24,Kolkata,2023-01-01,Unknown,3208,2025-03
C0017,Sneha Pillai,33,Male,Lucknow,P0008,Suit,Clothing,3208,O0127,1,2024-11-25,Mumbai,2023-01-01,Unknown,3208,2024-11
C0009,Ishita Shah,39,Female,Lucknow,P0008,Suit,Clothing,3208,O0149,3,2024-12-04,Chennai,2023-01-01,Unknown,9624,2024-12
C0009,Ishita Shah,39,Female,Lucknow,P0008,Suit,Clothing,3208,O0161,1,2024-12-15,Kolkata,2023-01-01,Unknown,3208,2024-12
C0009,Ishita Shah,39,Female,Lucknow,P0008,Suit,Clothing,3208,O0340,3,2025-01-05,Delhi,2023-01-01,Unknown,9624,2025-01
C0009,Ishita Shah,39,Female,Lucknow,P0008,Suit,Clothing,3208,O0496,1,2025-02-23,Ahmedabad,2023-01-01,Unknown,3208,2025-02
C0010,Saanvi Joshi,37,Female,Mumbai,P0008,Suit,Clothing,3208,O0007,3,2025-05-15,Jaipur,2023-01-01,Unknown,9624,2025-05
C0010,Saanvi Joshi,37,Female,Mumbai,P0008,Suit,Clothing,3208,O0396,1,2025-04-22,Chennai,2023-01-01,Unknown,3208,2025-04
C0008,Diya Kapoor,43,Female,Lucknow,P0008,Suit,Clothing,3208,O0108,4,2025-02-05,Ahmedabad,2023-01-01,Unknown,12831,2025-02
C0008,Diya Kapoor,43,Female,Lucknow,P0008,Suit,Clothing,3208,O0159,2,2024-12-16,Delhi,2024-12-22,No Longer Needed,6416,2024-12
C0004,Arjun Singh,26,Female,Ahmedabad,P0008,Suit,Clothing,3208,O0043,2,2025-01-25,Ahmedabad,2025-03-17,Wrong Item,6416,2025-01
C0002,Aditya Verma,30,Female,Jaipur,P0008,Suit,Clothing,3208,O0089,3,2025-01-30,Delhi,2023-01-01,Unknown,9624,2025-01
C0002,Aditya Verma,30,Female,Jaipur,P0008,Suit,Clothing,3208,O0305,4,2025-03-21,Jaipur,2023-01-01,Unknown,12831,2025-03
C0002,Aditya Verma,30,Female,Jaipur,P0008,Suit,Clothing,3208,O0317,3,2025-04-15,Chennai,2023-01-01,Unknown,9624,2025-04
C0003,Krishna Reddy,20,Male,Mumbai,P0008,Suit,Clothing,3208,O0297,5,2025-01-07,Lucknow,2023-01-01,Unknown,16039,2025-01
C0003,Krishna Reddy,20,Male,Mumbai,P0008,Suit,Clothing,3208,O0347,1,2025-05-18,Bangalore,2025-05-18,Defective,3208,2025-05
C0003,Krishna Reddy,20,Male,Mumbai,P0008,Suit,Clothing,3208,O0480,1,2025-02-28,Kolkata,2025-05-19,Late Delivery,3208,2025-02
C0007,Ananya Iyer,57,Female,Bangalore,P0008,Suit,Clothing,3208,O0068,3,2025-05-17,Bangalore,2023-01-01,Unknown,9624,2025-05
C0007,Ananya Iyer,57,Female,Bangalore,P0008,Suit,Clothing,3208,O0107,5,2025-04-18,Kolkata,2023-01-01,Unknown,16039,2025-04
C0013,Meera Nanda,56,Female,Chennai,P0008,Suit,Clothing,3208,O0054,5,2024-12-16,Mumbai,2023-01-01,Unknown,16039,2024-12
C0013,Meera Nanda,56,Female,Chennai,P0008,Suit,Clothing,3208,O0151,5,2025-02-25,Jaipur,2023-01-01,Unknown,16039,2025-02
C0013,Meera Nanda,56,Female,Chennai,P0008,Suit,Clothing,3208,O0327,1,2025-01-01,Bangalore,2023-01-01,Unknown,3208,2025-01
C0013,Meera Nanda,56,Female,Chennai,P0008,Suit,Clothing,3208,O0400,4,2025-01-23,Kolkata,2023-01-01,Unknown,12831,2025-01
C0006,Kabir Nair,56,Male,Kolkata,P0008,Suit,Clothing,3208,O0168,3,2025-02-06,Bangalore,2023-01-01,Unknown,9624,2025-02
C0006,Kabir Nair,56,Male,Kolkata,P0008,Suit,Clothing,3208,O0376,5,2024-12-27,Chennai,2023-01-01,Unknown,16039,2024-12
C0006,Kabir Nair,56,Male,Kolkata,P0008,Suit,Clothing,3208,O0476,3,2025-04-04,Jaipur,2023-01-01,Unknown,9624,2025-04
C0001,Vivaan Patel,53,Female,Bangalore,P0008,Suit,Clothing,3208,O0053,2,2025-02-17,Jaipur,2023-01-01,Unknown,6416,2025-02
C0001,Vivaan Patel,53,Female,Bangalore,P0008,Suit,Clothing,3208,O0072,5,2024-12-24,Mumbai,2023-01-01,Unknown,16039,2024-12
C0001,Vivaan Patel,53,Female,Bangalore,P0008,Suit,Clothing,3208,O0368,5,2024-12-08,Kolkata,2023-01-01,Unknown,16039,2024-12
C0000,Aarav Sharma,43,Female,Kolkata,P0008,Suit,Clothing,3208,O0221,2,2025-02-22,Hyderabad,2025-04-25,No Longer Needed,6416,2025-02
C0005,Rohan Mehta,51,Female,Bangalore,P0008,Suit,Clothing,3208,O0300,3,2025-02-22,Jaipur,2023-01-01,Unknown,9624,2025-02
C0005,Rohan Mehta,51,Female,Bangalore,P0008,Suit,Clothing,3208,O0377,1,2025-02-14,Delhi,2023-01-01,Unknown,3208,2025-02
C0005,Rohan Mehta,51,Female,Bangalore,P0008,Suit,Clothing,3208,O0465,5,2025-01-07,Jaipur,2023-01-01,Unknown,16039,2025-01
C0012,Aanya Agarwal,44,Female,Mumbai,P0008,Suit,Clothing,3208,O0124,5,2025-03-21,Hyderabad,2023-01-01,Unknown,16039,2025-03
C0012,Aanya Agarwal,44,Female,Mumbai,P0008,Suit,Clothing,3208,O0244,2,2024-11-27,Lucknow,2023-01-01,Unknown,6416,2024-11
C0012,Aanya Agarwal,44,Female,Mumbai,P0008,Suit,Clothing,3208,O0399,4,2025-03-22,Bangalore,2023-01-01,Unknown,12831,2025-03
C0019,Pooja Menon,46,Female,Pune,P0008,Suit,Clothing,3208,O0116,4,2025-01-18,Mumbai,2023-01-01,Unknown,12831,2025-01
C0016,Tanvi Ghosh,51,Female,Bangalore,P0006,Denims,Clothing,43654,O0033,1,2025-03-14,Pune,2023-01-01,Unknown,43654,2025-03
C0014,Priya Desai,59,Male,Mumbai,P0006,Denims,Clothing,43654,O0115,1,2025-03-22,Lucknow,2023-01-01,Unknown,43654,2025-03
C0014,Priya Desai,59,Male,Mumbai,P0006,Denims,Clothing,43654,O0166,4,2025-03-01,Lucknow,2025-03-31,Wrong Item,174614,2025-03
C0014,Priya Desai,59,Male,Mumbai,P0006,Denims,Clothing,43654,O0188,4,2025-03-04,Ahmedabad,2025-04-04,No Longer Needed,174614,2025-03
C0014,Priya Desai,59,Male,Mumbai,P0006,Denims,Clothing,43654,O0195,1,2025-04-26,Chennai,2025-05-03,Defective,43654,2025-04
C0014,Priya Desai,59,Male,Mumbai,P0006,Denims,Clothing,43654,O0321,5,2025-03-07,Ahmedabad,2025-05-05,Defective,218268,2025-03
C0014,Priya Desai,59,Male,Mumbai,P0006,Denims,Clothing,43654,O0338,4,2025-03-10,Delhi,2025-04-03,Late Delivery,174614,2025-03
C0011,Myra Bhatia,41,Female,Delhi,P0006,Denims,Clothing,43654,O0395,2,2024-12-22,Delhi,2023-01-01,Unknown,87307,2024-12
C0011,Myra Bhatia,41,Female,Delhi,P0006,Denims,Clothing,43654,O0466,2,2025-02-16,Chennai,2025-05-20,No Longer Needed,87307,2025-02
C0015,Riya Chauhan,55,Female,Bangalore,P0006,Denims,Clothing,43654,O0101,2,2024-12-13,Kolkata,2023-01-01,Unknown,87307,2024-12
C0015,Riya Chauhan,55,Female,Bangalore,P0006,Denims,Clothing,43654,O0254,1,2025-01-20,Mumbai,2023-01-01,Unknown,43654,2025-01
C0017,Sneha Pillai,33,Male,Lucknow,P0006,Denims,Clothing,43654,O0339,2,2025-05-18,Ahmedabad,2023-01-01,Unknown,87307,2025-05
C0010,Saanvi Joshi,37,Female,Mumbai,P0006,Denims,Clothing,43654,O0495,3,2025-03-15,Lucknow,2023-01-01,Unknown,130961,2025-03
C0008,Diya Kapoor,43,Female,Lucknow,P0006,Denims,Clothing,43654,O0233,1,2025-01-20,Ahmedabad,2025-03-12,Wrong Item,43654,2025-01
C0008,Diya Kapoor,43,Female,Lucknow,P0006,Denims,Clothing,43654,O0252,3,2025-04-20,Kolkata,2025-04-29,Wrong Item,130961,2025-04
C0008,Diya Kapoor,43,Female,Lucknow,P0006,Denims,Clothing,43654,O0436,1,2025-03-11,Delhi,2025-04-06,Other,43654,2025-03
C0004,Arjun Singh,26,Female,Ahmedabad,P0006,Denims,Clothing,43654,O0192,3,2025-01-12,Kolkata,2025-02-04,Wrong Item,130961,2025-01
C0004,Arjun Singh,26,Female,Ahmedabad,P0006,Denims,Clothing,43654,O0213,1,2025-03-05,Hyderabad,2023-01-01,Unknown,43654,2025-03
C0002,Aditya Verma,30,Female,Jaipur,P0006,Denims,Clothing,43654,O0011,4,2025-04-11,Chennai,2025-04-29,Late Delivery,174614,2025-04
C0002,Aditya Verma,30,Female,Jaipur,P0006,Denims,Clothing,43654,O0153,5,2025-02-14,Delhi,2025-03-07,Defective,218268,2025-02
C0002,Aditya Verma,30,Female,Jaipur,P0006,Denims,Clothing,43654,O0384,4,2025-03-22,Lucknow,2025-05-15,Wrong Item,174614,2025-03
C0002,Aditya Verma,30,Female,Jaipur,P0006,Denims,Clothing,43654,O0405,2,2025-03-29,Pune,2023-01-01,Unknown,87307,2025-03
C0002,Aditya Verma,30,Female,Jaipur,P0006,Denims,Clothing,43654,O0407,5,2025-02-02,Lucknow,2023-01-01,Unknown,218268,2025-02
C0003,Krishna Reddy,20,Male,Mumbai,P0006,Denims,Clothing,43654,O0026,3,2025-01-11,Ahmedabad,2023-01-01,Unknown,130961,2025-01
C0003,Krishna Reddy,20,Male,Mumbai,P0006,Denims,Clothing,43654,O0029,2,2025-03-07,Ahmedabad,2023-01-01,Unknown,87307,2025-03
C0003,Krishna Reddy,20,Male,Mumbai,P0006,Denims,Clothing,43654,O0385,3,2025-01-22,Kolkata,2023-01-01,Unknown,130961,2025-01
C0013,Meera Nanda,56,Female,Chennai,P0006,Denims,Clothing,43654,O0061,4,2025-05-13,Ahmedabad,2025-05-15,Other,174614,2025-05
C0013,Meera Nanda,56,Female,Chennai,P0006,Denims,Clothing,43654,O0275,2,2025-03-08,Hyderabad,2023-01-01,Unknown,87307,2025-03
C0013,Meera Nanda,56,Female,Chennai,P0006,Denims,Clothing,43654,O0285,5,2025-03-10,Bangalore,2023-01-01,Unknown,218268,2025-03
C0001,Vivaan Patel,53,Female,Bangalore,P0006,Denims,Clothing,43654,O0181,5,2025-03-01,Lucknow,2025-05-06,Late Delivery,218268,2025-03
C0001,Vivaan Patel,53,Female,Bangalore,P0006,Denims,Clothing,43654,O0415,1,2025-02-03,Pune,2023-01-01,Unknown,43654,2025-02
C0000,Aarav Sharma,43,Female,Kolkata,P0006,Denims,Clothing,43654,O0303,4,2025-03-08,Chennai,2023-01-01,Unknown,174614,2025-03
C0000,Aarav Sharma,43,Female,Kolkata,P0006,Denims,Clothing,43654,O0319,2,2025-03-12,Chennai,2025-05-10,Late Delivery,87307,2025-03
C0000,Aarav Sharma,43,Female,Kolkata,P0006,Denims,Clothing,43654,O0404,3,2024-12-17,Delhi,2023-01-01,Unknown,130961,2024-12
C0005,Rohan Mehta,51,Female,Bangalore,P0006,Denims,Clothing,43654,O0133,1,2025-05-02,Hyderabad,2023-01-01,Unknown,43654,2025-05
C0005,Rohan Mehta,51,Female,Bangalore,P0006,Denims,Clothing,43654,O0199,5,2025-05-08,Pune,2023-01-01,Unknown,218268,2025-05
C0005,Rohan Mehta,51,Female,Bangalore,P0006,Denims,Clothing,43654,O0239,3,2025-04-15,Chennai,2025-04-22,Late Delivery,130961,2025-04
C0005,Rohan Mehta,51,Female,Bangalore,P0006,Denims,Clothing,43654,O0307,2,2025-03-24,Chennai,2023-01-01,Unknown,87307,2025-03
C0005,Rohan Mehta,51,Female,Bangalore,P0006,Denims,Clothing,43654,O0356,2,2025-01-25,Bangalore,2023-01-01,Unknown,87307,2025-01
C0012,Aanya Agarwal,44,Female,Mumbai,P0006,Denims,Clothing,43654,O0141,1,2025-04-26,Chennai,2023-01-01,Unknown,43654,2025-04
C0012,Aanya Agarwal,44,Female,Mumbai,P0006,Denims,Clothing,43654,O0169,3,2024-12-19,Ahmedabad,2023-01-01,Unknown,130961,2024-12
C0012,Aanya Agarwal,44,Female,Mumbai,P0006,Denims,Clothing,43654,O0422,2,2025-01-30,Ahmedabad,2023-01-01,Unknown,87307,2025-01
C0012,Aanya Agarwal,44,Female,Mumbai,P0006,Denims,Clothing,43654,O0448,2,2024-11-23,Mumbai,2023-01-01,Unknown,87307,2024-11
C0012,Aanya Agarwal,44,Female,Mumbai,P0006,Denims,Clothing,43654,O0475,4,2025-02-13,Chennai,2023-01-01,Unknown,174614,2025-02
C0019,Pooja Menon,46,Female,Pune,P0006,Denims,Clothing,43654,O0044,4,2025-03-16,Jaipur,2025-03-31,Late Delivery,174614,2025-03
C0019,Pooja Menon,46,Female,Pune,P0006,Denims,Clothing,43654,O0392,5,2024-11-29,Hyderabad,2023-01-01,Unknown,218268,2024-11
C0016,Tanvi Ghosh,51,Female,Bangalore,P0012,Curtains,Home Goods,33145,O0047,3,2025-04-24,Delhi,2023-01-01,Unknown,99435,2025-04
C0016,Tanvi Ghosh,51,Female,Bangalore,P0012,Curtains,Home Goods,33145,O0138,3,2025-04-15,Mumbai,2023-01-01,Unknown,99435,2025-04
C0016,Tanvi Ghosh,51,Female,Bangalore,P0012,Curtains,Home Goods,33145,O0180,4,2025-01-17,Jaipur,2023-01-01,Unknown,132580,2025-01
C0016,Tanvi Ghosh,51,Female,Bangalore,P0012,Curtains,Home Goods,33145,O0247,3,2025-03-14,Kolkata,2023-01-01,Unknown,99435,2025-03
C0016,Tanvi Ghosh,51,Female,Bangalore,P0012,Curtains,Home Goods,33145,O0301,3,2025-02-17,Bangalore,2025-04-05,Late Delivery,99435,2025-02
C0014,Priya Desai,59,Male,Mumbai,P0012,Curtains,Home Goods,33145,O0174,2,2025-01-02,Ahmedabad,2023-01-01,Unknown,66290,2025-01
C0011,Myra Bhatia,41,Female,Delhi,P0012,Curtains,Home Goods,33145,O0058,1,2024-12-09,Jaipur,2023-01-01,Unknown,33145,2024-12
C0011,Myra Bhatia,41,Female,Delhi,P0012,Curtains,Home Goods,33145,O0235,5,2025-01-19,Pune,2023-01-01,Unknown,165726,2025-01
C0011,Myra Bhatia,41,Female,Delhi,P0012,Curtains,Home Goods,33145,O0271,2,2025-03-15,Bangalore,2023-01-01,Unknown,66290,2025-03
C0011,Myra Bhatia,41,Female,Delhi,P0012,Curtains,Home Goods,33145,O0461,2,2024-12-18,Chennai,2023-01-01,Unknown,66290,2024-12
C0015,Riya Chauhan,55,Female,Bangalore,P0012,Curtains,Home Goods,33145,O0408,1,2024-11-21,Pune,2025-02-14,Late Delivery,33145,2024-11
C0015,Riya Chauhan,55,Female,Bangalore,P0012,Curtains,Home Goods,33145,O0451,1,2025-01-08,Hyderabad,2023-01-01,Unknown,33145,2025-01
C0017,Sneha Pillai,33,Male,Lucknow,P0012,Curtains,Home Goods,33145,O0022,1,2025-01-23,Bangalore,2023-01-01,Unknown,33145,2025-01
C0017,Sneha Pillai,33,Male,Lucknow,P0012,Curtains,Home Goods,33145,O0090,2,2025-02-10,Mumbai,2023-01-01,Unknown,66290,2025-02
C0017,Sneha Pillai,33,Male,Lucknow,P0012,Curtains,Home Goods,33145,O0312,4,2025-01-28,Hyderabad,2025-03-27,Defective,132580,2025-01
C0017,Sneha Pillai,33,Male,Lucknow,P0012,Curtains,Home Goods,33145,O0371,1,2025-04-22,Hyderabad,2023-01-01,Unknown,33145,2025-04
C0009,Ishita Shah,39,Female,Lucknow,P0012,Curtains,Home Goods,33145,O0006,2,2024-12-16,Ahmedabad,2023-01-01,Unknown,66290,2024-12
C0009,Ishita Shah,39,Female,Lucknow,P0012,Curtains,Home Goods,33145,O0041,1,2025-03-23,Chennai,2023-01-01,Unknown,33145,2025-03
C0009,Ishita Shah,39,Female,Lucknow,P0012,Curtains,Home Goods,33145,O0175,1,2024-11-30,Pune,2023-01-01,Unknown,33145,2024-11
C0009,Ishita Shah,39,Female,Lucknow,P0012,Curtains,Home Goods,33145,O0278,1,2025-01-08,Chennai,2023-01-01,Unknown,33145,2025-01
C0009,Ishita Shah,39,Female,Lucknow,P0012,Curtains,Home Goods,33145,O0295,4,2025-01-08,Hyderabad,2025-01-22,Defective,132580,2025-01
C0009,Ishita Shah,39,Female,Lucknow,P0012,Curtains,Home Goods,33145,O0474,3,2025-01-28,Pune,2023-01-01,Unknown,99435,2025-01
C0010,Saanvi Joshi,37,Female,Mumbai,P0012,Curtains,Home Goods,33145,O0017,4,2025-05-10,Delhi,2023-01-01,Unknown,132580,2025-05
C0010,Saanvi Joshi,37,Female,Mumbai,P0012,Curtains,Home Goods,33145,O0381,2,2025-01-30,Kolkata,2023-01-01,Unknown,66290,2025-01
C0010,Saanvi Joshi,37,Female,Mumbai,P0012,Curtains,Home Goods,33145,O0394,1,2025-03-10,Hyderabad,2023-01-01,Unknown,33145,2025-03
C0010,Saanvi Joshi,37,Female,Mumbai,P0012,Curtains,Home Goods,33145,O0488,2,2025-05-06,Jaipur,2025-05-19,Other,66290,2025-05
C0008,Diya Kapoor,43,Female,Lucknow,P0012,Curtains,Home Goods,33145,O0030,2,2025-01-31,Mumbai,2023-01-01,Unknown,66290,2025-01
C0008,Diya Kapoor,43,Female,Lucknow,P0012,Curtains,Home Goods,33145,O0205,1,2025-03-15,Lucknow,2023-01-01,Unknown,33145,2025-03
C0008,Diya Kapoor,43,Female,Lucknow,P0012,Curtains,Home Goods,33145,O0453,4,2025-02-19,Lucknow,2023-01-01,Unknown,132580,2025-02
C0008,Diya Kapoor,43,Female,Lucknow,P0012,Curtains,Home Goods,33145,O0492,5,2025-04-01,Bangalore,2023-01-01,Unknown,165726,2025-04
C0004,Arjun Singh,26,Female,Ahmedabad,P0012,Curtains,Home Goods,33145,O0065,2,2024-12-01,Mumbai,2023-01-01,Unknown,66290,2024-12
C0004,Arjun Singh,26,Female,Ahmedabad,P0012,Curtains,Home Goods,33145,O0110,5,2025-02-10,Ahmedabad,2023-01-01,Unknown,165726,2025-02
C0004,Arjun Singh,26,Female,Ahmedabad,P0012,Curtains,Home Goods,33145,O0147,4,2025-04-12,Kolkata,2023-01-01,Unknown,132580,2025-04
C0004,Arjun Singh,26,Female,Ahmedabad,P0012,Curtains,Home Goods,33145,O0242,2,2025-04-01,Hyderabad,2023-01-01,Unknown,66290,2025-04
C0004,Arjun Singh,26,Female,Ahmedabad,P0012,Curtains,Home Goods,33145,O0243,3,2025-01-07,Hyderabad,2025-03-21,Wrong Item,99435,2025-01
C0002,Aditya Verma,30,Female,Jaipur,P0012,Curtains,Home Goods,33145,O0156,5,2025-01-10,Hyderabad,2025-05-21,No Longer Needed,165726,2025-01
C0002,Aditya Verma,30,Female,Jaipur,P0012,Curtains,Home Goods,33145,O0343,2,2025-04-06,Kolkata,2023-01-01,Unknown,66290,2025-04
C0007,Ananya Iyer,57,Female,Bangalore,P0012,Curtains,Home Goods,33145,O0073,1,2024-12-21,Pune,2025-01-29,Defective,33145,2024-12
C0007,Ananya Iyer,57,Female,Bangalore,P0012,Curtains,Home Goods,33145,O0076,5,2025-04-02,Kolkata,2025-05-21,No Longer Needed,165726,2025-04
C0007,Ananya Iyer,57,Female,Bangalore,P0012,Curtains,Home Goods,33145,O0096,5,2025-03-25,Hyderabad,2023-01-01,Unknown,165726,2025-03
C0007,Ananya Iyer,57,Female,Bangalore,P0012,Curtains,Home Goods,33145,O0103,2,2025-01-14,Mumbai,2025-04-29,Other,66290,2025-01
C0013,Meera Nanda,56,Female,Chennai,P0012,Curtains,Home Goods,33145,O0290,4,2024-12-25,Delhi,2023-01-01,Unknown,132580,2024-12
C0013,Meera Nanda,56,Female,Chennai,P0012,Curtains,Home Goods,33145,O0455,4,2025-03-20,Jaipur,2025-03-31,Wrong Item,132580,2025-03
C0006,Kabir Nair,56,Male,Kolkata,P0012,Curtains,Home Goods,33145,O0095,1,2024-11-26,Ahmedabad,2023-01-01,Unknown,33145,2024-11
C0006,Kabir Nair,56,Male,Kolkata,P0012,Curtains,Home Goods,33145,O0280,4,2025-01-01,Chennai,2023-01-01,Unknown,132580,2025-01
C0006,Kabir Nair,56,Male,Kolkata,P0012,Curtains,Home Goods,33145,O0322,5,2025-01-10,Hyderabad,2023-01-01,Unknown,165726,2025-01
C0001,Vivaan Patel,53,Female,Bangalore,P0012,Curtains,Home Goods,33145,O0196,1,2024-12-25,Mumbai,2025-01-13,Defective,33145,2024-12
C0000,Aarav Sharma,43,Female,Kolkata,P0012,Curtains,Home Goods,33145,O0202,5,2025-02-24,Hyderabad,2023-01-01,Unknown,165726,2025-02
C0000,Aarav Sharma,43,Female,Kolkata,P0012,Curtains,Home Goods,33145,O0204,2,2025-05-10,Hyderabad,2023-01-01,Unknown,66290,2025-05
C0000,Aarav Sharma,43,Female,Kolkata,P0012,Curtains,Home Goods,33145,O0249,1,2024-12-29,Ahmedabad,2023-01-01,Unknown,33145,2024-12
C0000,Aarav Sharma,43,Female,Kolkata,P0012,Curtains,Home Goods,33145,O0299,2,2024-12-11,Mumbai,2023-01-01,Unknown,66290,2024-12
C0000,Aarav Sharma,43,Female,Kolkata,P0012,Curtains,Home Goods,33145,O0439,5,2025-03-05,Lucknow,2023-01-01,Unknown,165726,2025-03
C0005,Rohan Mehta,51,Female,Bangalore,P0012,Curtains,Home Goods,33145,O0109,3,2025-05-18,Bangalore,2025-05-21,Defective,99435,2025-05
C0005,Rohan Mehta,51,Female,Bangalore,P0012,Curtains,Home Goods,33145,O0390,1,2025-01-14,Lucknow,2023-01-01,Unknown,33145,2025-01
C0005,Rohan Mehta,51,Female,Bangalore,P0012,Curtains,Home Goods,33145,O0406,1,2025-05-12,Jaipur,2023-01-01,Unknown,33145,2025-05
C0012,Aanya Agarwal,44,Female,Mumbai,P0012,Curtains,Home Goods,33145,O0137,2,2025-02-20,Delhi,2023-01-01,Unknown,66290,2025-02
C0018,Kavya Rao,25,Male,Mumbai,P0012,Curtains,Home Goods,33145,O0189,5,2025-02-02,Bangalore,2023-01-01,Unknown,165726,2025-02
C0018,Kavya Rao,25,Male,Mumbai,P0012,Curtains,Home Goods,33145,O0274,4,2025-03-27,Kolkata,2023-01-01,Unknown,132580,2025-03
C0016,Tanvi Ghosh,51,Female,Bangalore,P0004,Smart TV,Electronics,38771,O0049,5,2025-01-09,Jaipur,2023-01-01,Unknown,193856,2025-01
C0016,Tanvi Ghosh,51,Female,Bangalore,P0004,Smart TV,Electronics,38771,O0293,2,2025-03-08,Jaipur,2025-05-07,Wrong Item,77542,2025-03
C0014,Priya Desai,59,Male,Mumbai,P0004,Smart TV,Electronics,38771,O0074,5,2025-01-05,Hyderabad,2023-01-01,Unknown,193856,2025-01
C0014,Priya Desai,59,Male,Mumbai,P0004,Smart TV,Electronics,38771,O0193,5,2025-05-01,Ahmedabad,2023-01-01,Unknown,193856,2025-05
C0014,Priya Desai,59,Male,Mumbai,P0004,Smart TV,Electronics,38771,O0200,4,2024-12-18,Bangalore,2023-01-01,Unknown,155084,2024-12
C0011,Myra Bhatia,41,Female,Delhi,P0004,Smart TV,Electronics,38771,O0388,5,2025-04-02,Bangalore,2023-01-01,Unknown,193856,2025-04
C0011,Myra Bhatia,41,Female,Delhi,P0004,Smart TV,Electronics,38771,O0494,3,2025-01-10,Pune,2025-05-02,Wrong Item,116313,2025-01
C0015,Riya Chauhan,55,Female,Bangalore,P0004,Smart TV,Electronics,38771,O0004,2,2024-12-05,Chennai,2023-01-01,Unknown,77542,2024-12
C0015,Riya Chauhan,55,Female,Bangalore,P0004,Smart TV,Electronics,38771,O0012,2,2025-03-18,Jaipur,2023-01-01,Unknown,77542,2025-03
C0017,Sneha Pillai,33,Male,Lucknow,P0004,Smart TV,Electronics,38771,O0093,4,2025-04-08,Hyderabad,2023-01-01,Unknown,155084,2025-04
C0017,Sneha Pillai,33,Male,Lucknow,P0004,Smart TV,Electronics,38771,O0231,4,2025-02-11,Delhi,2025-05-11,No Longer Needed,155084,2025-02
C0010,Saanvi Joshi,37,Female,Mumbai,P0004,Smart TV,Electronics,38771,O0035,1,2025-01-17,Chennai,2023-01-01,Unknown,38771,2025-01
C0010,Saanvi Joshi,37,Female,Mumbai,P0004,Smart TV,Electronics,38771,O0106,4,2025-03-06,Lucknow,2023-01-01,Unknown,155084,2025-03
C0010,Saanvi Joshi,37,Female,Mumbai,P0004,Smart TV,Electronics,38771,O0207,4,2024-12-19,Delhi,2025-01-01,No Longer Needed,155084,2024-12
C0010,Saanvi Joshi,37,Female,Mumbai,P0004,Smart TV,Electronics,38771,O0313,4,2025-05-10,Kolkata,2023-01-01,Unknown,155084,2025-05
C0008,Diya Kapoor,43,Female,Lucknow,P0004,Smart TV,Electronics,38771,O0069,1,2025-04-16,Mumbai,2025-04-24,Wrong Item,38771,2025-04
C0008,Diya Kapoor,43,Female,Lucknow,P0004,Smart TV,Electronics,38771,O0162,4,2025-02-22,Lucknow,2025-03-08,Defective,155084,2025-02
C0008,Diya Kapoor,43,Female,Lucknow,P0004,Smart TV,Electronics,38771,O0186,5,2024-11-30,Jaipur,2023-01-01,Unknown,193856,2024-11
C0008,Diya Kapoor,43,Female,Lucknow,P0004,Smart TV,Electronics,38771,O0424,3,2024-12-27,Lucknow,2023-01-01,Unknown,116313,2024-12
C0004,Arjun Singh,26,Female,Ahmedabad,P0004,Smart TV,Electronics,38771,O0333,3,2025-03-25,Chennai,2023-01-01,Unknown,116313,2025-03
C0004,Arjun Singh,26,Female,Ahmedabad,P0004,Smart TV,Electronics,38771,O0349,4,2025-01-15,Kolkata,2023-01-01,Unknown,155084,2025-01
C0002,Aditya Verma,30,Female,Jaipur,P0004,Smart TV,Electronics,38771,O0266,4,2024-12-31,Delhi,2023-01-01,Unknown,155084,2024-12
C0002,Aditya Verma,30,Female,Jaipur,P0004,Smart TV,Electronics,38771,O0454,4,2024-12-12,Hyderabad,2023-01-01,Unknown,155084,2024-12
C0003,Krishna Reddy,20,Male,Mumbai,P0004,Smart TV,Electronics,38771,O0234,2,2025-01-06,Lucknow,2023-01-01,Unknown,77542,2025-01
C0003,Krishna Reddy,20,Male,Mumbai,P0004,Smart TV,Electronics,38771,O0282,4,2025-02-13,Lucknow,2023-01-01,Unknown,155084,2025-02
C0003,Krishna Reddy,20,Male,Mumbai,P0004,Smart TV,Electronics,38771,O0326,5,2025-04-27,Hyderabad,2023-01-01,Unknown,193856,2025-04
C0013,Meera Nanda,56,Female,Chennai,P0004,Smart TV,Electronics,38771,O0362,5,2024-11-27,Hyderabad,2023-01-01,Unknown,193856,2024-11
C0006,Kabir Nair,56,Male,Kolkata,P0004,Smart TV,Electronics,38771,O0397,1,2025-05-08,Kolkata,2023-01-01,Unknown,38771,2025-05
C0001,Vivaan Patel,53,Female,Bangalore,P0004,Smart TV,Electronics,38771,O0130,2,2025-03-01,Lucknow,2023-01-01,Unknown,77542,2025-03
C0001,Vivaan Patel,53,Female,Bangalore,P0004,Smart TV,Electronics,38771,O0281,4,2025-05-13,Pune,2023-01-01,Unknown,155084,2025-05
C0001,Vivaan Patel,53,Female,Bangalore,P0004,Smart TV,Electronics,38771,O0296,1,2025-02-13,Pune,2025-05-05,Late Delivery,38771,2025-02
C0001,Vivaan Patel,53,Female,Bangalore,P0004,Smart TV,Electronics,38771,O0342,3,2024-12-28,Bangalore,2023-01-01,Unknown,116313,2024-12
C0001,Vivaan Patel,53,Female,Bangalore,P0004,Smart TV,Electronics,38771,O0378,5,2024-12-26,Hyderabad,2023-01-01,Unknown,193856,2024-12
C0000,Aarav Sharma,43,Female,Kolkata,P0004,Smart TV,Electronics,38771,O0262,4,2024-12-28,Delhi,2025-03-11,Other,155084,2024-12
C0000,Aarav Sharma,43,Female,Kolkata,P0004,Smart TV,Electronics,38771,O0473,3,2025-01-23,Lucknow,2025-02-19,Other,116313,2025-01
C0005,Rohan Mehta,51,Female,Bangalore,P0004,Smart TV,Electronics,38771,O0373,5,2025-01-24,Kolkata,2023-01-01,Unknown,193856,2025-01
C0005,Rohan Mehta,51,Female,Bangalore,P0004,Smart TV,Electronics,38771,O0433,2,2025-01-10,Bangalore,2023-01-01,Unknown,77542,2025-01
C0005,Rohan Mehta,51,Female,Bangalore,P0004,Smart TV,Electronics,38771,O0459,2,2025-02-13,Mumbai,2023-01-01,Unknown,77542,2025-02
C0012,Aanya Agarwal,44,Female,Mumbai,P0004,Smart TV,Electronics,38771,O0036,4,2025-05-01,Chennai,2025-05-07,No Longer Needed,155084,2025-05
C0012,Aanya Agarwal,44,Female,Mumbai,P0004,Smart TV,Electronics,38771,O0097,5,2025-01-24,Kolkata,2023-01-01,Unknown,193856,2025-01
C0019,Pooja Menon,46,Female,Pune,P0004,Smart TV,Electronics,38771,O0163,4,2025-01-12,Delhi,2023-01-01,Unknown,155084,2025-01
C0019,Pooja Menon,46,Female,Pune,P0004,Smart TV,Electronics,38771,O0367,1,2025-01-12,Chennai,2025-03-01,Wrong Item,38771,2025-01
C0018,Kavya Rao,25,Male,Mumbai,P0004,Smart TV,Electronics,38771,O0170,3,2025-01-22,Pune,2025-03-09,Defective,116313,2025-01
C0018,Kavya Rao,25,Male,Mumbai,P0004,Smart TV,Electronics,38771,O0172,5,2025-04-18,Jaipur,2023-01-01,Unknown,193856,2025-04
C0018,Kavya Rao,25,Male,Mumbai,P0004,Smart TV,Electronics,38771,O0369,2,2024-11-25,Delhi,2023-01-01,Unknown,77542,2024-11
C0018,Kavya Rao,25,Male,Mumbai,P0004,Smart TV,Electronics,38771,O0429,4,2025-04-11,Chennai,2023-01-01,Unknown,155084,2025-04
C0016,Tanvi Ghosh,51,Female,Bangalore,P0003,Headphones,Electronics,20578,O0121,2,2025-05-19,Hyderabad,2023-01-01,Unknown,41156,2025-05
C0014,Priya Desai,59,Male,Mumbai,P0003,Headphones,Electronics,20578,O0352,1,2025-01-12,Kolkata,2023-01-01,Unknown,20578,2025-01
C0011,Myra Bhatia,41,Female,Delhi,P0003,Headphones,Electronics,20578,O0302,3,2024-12-16,Delhi,2023-01-01,Unknown,61733,2024-12
C0015,Riya Chauhan,55,Female,Bangalore,P0003,Headphones,Electronics,20578,O0024,3,2025-04-02,Mumbai,2023-01-01,Unknown,61733,2025-04
C0015,Riya Chauhan,55,Female,Bangalore,P0003,Headphones,Electronics,20578,O0176,3,2025-01-09,Hyderabad,2023-01-01,Unknown,61733,2025-01
C0009,Ishita Shah,39,Female,Lucknow,P0003,Headphones,Electronics,20578,O0040,4,2025-01-22,Jaipur,2023-01-01,Unknown,82311,2025-01
C0009,Ishita Shah,39,Female,Lucknow,P0003,Headphones,Electronics,20578,O0078,5,2024-12-16,Hyderabad,2023-01-01,Unknown,102889,2024-12
C0009,Ishita Shah,39,Female,Lucknow,P0003,Headphones,Electronics,20578,O0135,5,2024-12-25,Hyderabad,2023-01-01,Unknown,102889,2024-12
C0009,Ishita Shah,39,Female,Lucknow,P0003,Headphones,Electronics,20578,O0219,2,2025-01-19,Kolkata,2023-01-01,Unknown,41156,2025-01
C0009,Ishita Shah,39,Female,Lucknow,P0003,Headphones,Electronics,20578,O0227,4,2025-01-16,Lucknow,2023-01-01,Unknown,82311,2025-01
C0009,Ishita Shah,39,Female,Lucknow,P0003,Headphones,Electronics,20578,O0258,3,2025-01-27,Delhi,2023-01-01,Unknown,61733,2025-01
C0009,Ishita Shah,39,Female,Lucknow,P0003,Headphones,Electronics,20578,O0268,4,2025-04-10,Bangalore,2023-01-01,Unknown,82311,2025-04
C0009,Ishita Shah,39,Female,Lucknow,P0003,Headphones,Electronics,20578,O0490,5,2025-02-18,Bangalore,2023-01-01,Unknown,102889,2025-02
C0010,Saanvi Joshi,37,Female,Mumbai,P0003,Headphones,Electronics,20578,O0284,4,2025-03-15,Lucknow,2023-01-01,Unknown,82311,2025-03
C0010,Saanvi Joshi,37,Female,Mumbai,P0003,Headphones,Electronics,20578,O0387,5,2025-01-06,Lucknow,2023-01-01,Unknown,102889,2025-01
C0008,Diya Kapoor,43,Female,Lucknow,P0003,Headphones,Electronics,20578,O0345,1,2024-12-12,Pune,2023-01-01,Unknown,20578,2024-12
C0008,Diya Kapoor,43,Female,Lucknow,P0003,Headphones,Electronics,20578,O0366,1,2025-02-07,Kolkata,2025-03-11,Defective,20578,2025-02
C0004,Arjun Singh,26,Female,Ahmedabad,P0003,Headphones,Electronics,20578,O0050,3,2025-03-24,Jaipur,2023-01-01,Unknown,61733,2025-03
C0004,Arjun Singh,26,Female,Ahmedabad,P0003,Headphones,Electronics,20578,O0386,4,2024-12-01,Ahmedabad,2023-01-01,Unknown,82311,2024-12
C0004,Arjun Singh,26,Female,Ahmedabad,P0003,Headphones,Electronics,20578,O0441,5,2025-01-19,Lucknow,2023-01-01,Unknown,102889,2025-01
C0002,Aditya Verma,30,Female,Jaipur,P0003,Headphones,Electronics,20578,O0341,3,2025-05-17,Lucknow,2025-05-20,No Longer Needed,61733,2025-05
C0003,Krishna Reddy,20,Male,Mumbai,P0003,Headphones,Electronics,20578,O0034,2,2025-01-30,Ahmedabad,2023-01-01,Unknown,41156,2025-01
C0003,Krishna Reddy,20,Male,Mumbai,P0003,Headphones,Electronics,20578,O0150,1,2024-11-26,Bangalore,2023-01-01,Unknown,20578,2024-11
C0003,Krishna Reddy,20,Male,Mumbai,P0003,Headphones,Electronics,20578,O0256,4,2025-03-23,Ahmedabad,2023-01-01,Unknown,82311,2025-03
C0013,Meera Nanda,56,Female,Chennai,P0003,Headphones,Electronics,20578,O0023,1,2025-04-01,Pune,2023-01-01,Unknown,20578,2025-04
C0013,Meera Nanda,56,Female,Chennai,P0003,Headphones,Electronics,20578,O0083,3,2025-01-21,Pune,2023-01-01,Unknown,61733,2025-01
C0013,Meera Nanda,56,Female,Chennai,P0003,Headphones,Electronics,20578,O0113,2,2025-04-06,Delhi,2025-04-15,No Longer Needed,41156,2025-04
C0013,Meera Nanda,56,Female,Chennai,P0003,Headphones,Electronics,20578,O0120,1,2024-11-28,Delhi,2023-01-01,Unknown,20578,2024-11
C0013,Meera Nanda,56,Female,Chennai,P0003,Headphones,Electronics,20578,O0217,4,2025-01-16,Jaipur,2023-01-01,Unknown,82311,2025-01
C0006,Kabir Nair,56,Male,Kolkata,P0003,Headphones,Electronics,20578,O0336,5,2024-12-22,Delhi,2023-01-01,Unknown,102889,2024-12
C0001,Vivaan Patel,53,Female,Bangalore,P0003,Headphones,Electronics,20578,O0075,5,2025-01-06,Chennai,2025-05-17,Late Delivery,102889,2025-01
C0001,Vivaan Patel,53,Female,Bangalore,P0003,Headphones,Electronics,20578,O0425,1,2025-04-07,Delhi,2023-01-01,Unknown,20578,2025-04
C0001,Vivaan Patel,53,Female,Bangalore,P0003,Headphones,Electronics,20578,O0468,5,2025-02-21,Hyderabad,2023-01-01,Unknown,102889,2025-02
C0005,Rohan Mehta,51,Female,Bangalore,P0003,Headphones,Electronics,20578,O0158,3,2025-04-21,Chennai,2023-01-01,Unknown,61733,2025-04
C0012,Aanya Agarwal,44,Female,Mumbai,P0003,Headphones,Electronics,20578,O0311,2,2025-05-06,Mumbai,2023-01-01,Unknown,41156,2025-05
C0019,Pooja Menon,46,Female,Pune,P0003,Headphones,Electronics,20578,O0216,5,2025-05-03,Pune,2023-01-01,Unknown,102889,2025-05
C0018,Kavya Rao,25,Male,Mumbai,P0003,Headphones,Electronics,20578,O0134,4,2024-11-28,Delhi,2024-12-03,Other,82311,2024-11
C0016,Tanvi Ghosh,51,Female,Bangalore,P0002,Laptop,Electronics,34556,O0304,3,2024-12-07,Lucknow,2023-01-01,Unknown,103668,2024-12
C0016,Tanvi Ghosh,51,Female,Bangalore,P0002,Laptop,Electronics,34556,O0499,4,2025-05-18,Jaipur,2025-05-21,Other,138224,2025-05
C0014,Priya Desai,59,Male,Mumbai,P0002,Laptop,Electronics,34556,O0051,2,2024-11-30,Lucknow,2023-01-01,Unknown,69112,2024-11
C0014,Priya Desai,59,Male,Mumbai,P0002,Laptop,Electronics,34556,O0246,1,2024-11-30,Pune,2023-01-01,Unknown,34556,2024-11
C0014,Priya Desai,59,Male,Mumbai,P0002,Laptop,Electronics,34556,O0403,1,2024-12-27,Chennai,2024-12-27,Other,34556,2024-12
C0011,Myra Bhatia,41,Female,Delhi,P0002,Laptop,Electronics,34556,O0148,1,2024-12-03,Mumbai,2023-01-01,Unknown,34556,2024-12
C0011,Myra Bhatia,41,Female,Delhi,P0002,Laptop,Electronics,34556,O0250,5,2024-12-29,Pune,2023-01-01,Unknown,172780,2024-12
C0015,Riya Chauhan,55,Female,Bangalore,P0002,Laptop,Electronics,34556,O0052,5,2025-03-01,Ahmedabad,2023-01-01,Unknown,172780,2025-03
C0015,Riya Chauhan,55,Female,Bangalore,P0002,Laptop,Electronics,34556,O0286,1,2025-02-08,Lucknow,2023-01-01,Unknown,34556,2025-02
C0015,Riya Chauhan,55,Female,Bangalore,P0002,Laptop,Electronics,34556,O0419,3,2025-05-17,Pune,2023-01-01,Unknown,103668,2025-05
C0009,Ishita Shah,39,Female,Lucknow,P0002,Laptop,Electronics,34556,O0214,2,2025-02-18,Kolkata,2023-01-01,Unknown,69112,2025-02
C0009,Ishita Shah,39,Female,Lucknow,P0002,Laptop,Electronics,34556,O0491,4,2025-02-22,Bangalore,2023-01-01,Unknown,138224,2025-02
C0010,Saanvi Joshi,37,Female,Mumbai,P0002,Laptop,Electronics,34556,O0318,5,2024-11-25,Ahmedabad,2023-01-01,Unknown,172780,2024-11
C0008,Diya Kapoor,43,Female,Lucknow,P0002,Laptop,Electronics,34556,O0292,3,2025-04-26,Delhi,2025-05-07,No Longer Needed,103668,2025-04
C0008,Diya Kapoor,43,Female,Lucknow,P0002,Laptop,Electronics,34556,O0314,5,2024-12-25,Kolkata,2023-01-01,Unknown,172780,2024-12
C0008,Diya Kapoor,43,Female,Lucknow,P0002,Laptop,Electronics,34556,O0328,1,2025-03-16,Hyderabad,2023-01-01,Unknown,34556,2025-03
C0008,Diya Kapoor,43,Female,Lucknow,P0002,Laptop,Electronics,34556,O0398,1,2025-05-18,Mumbai,2023-01-01,Unknown,34556,2025-05
C0004,Arjun Singh,26,Female,Ahmedabad,P0002,Laptop,Electronics,34556,O0269,5,2025-04-29,Lucknow,2023-01-01,Unknown,172780,2025-04
C0004,Arjun Singh,26,Female,Ahmedabad,P0002,Laptop,Electronics,34556,O0337,2,2024-12-04,Ahmedabad,2023-01-01,Unknown,69112,2024-12
C0004,Arjun Singh,26,Female,Ahmedabad,P0002,Laptop,Electronics,34556,O0383,5,2025-03-31,Kolkata,2025-04-30,Late Delivery,172780,2025-03
C0004,Arjun Singh,26,Female,Ahmedabad,P0002,Laptop,Electronics,34556,O0432,4,2025-04-01,Bangalore,2023-01-01,Unknown,138224,2025-04
C0002,Aditya Verma,30,Female,Jaipur,P0002,Laptop,Electronics,34556,O0182,2,2025-05-06,Kolkata,2023-01-01,Unknown,69112,2025-05
C0002,Aditya Verma,30,Female,Jaipur,P0002,Laptop,Electronics,34556,O0273,2,2025-01-19,Delhi,2023-01-01,Unknown,69112,2025-01
C0003,Krishna Reddy,20,Male,Mumbai,P0002,Laptop,Electronics,34556,O0267,3,2025-02-11,Kolkata,2025-05-09,Wrong Item,103668,2025-02
C0007,Ananya Iyer,57,Female,Bangalore,P0002,Laptop,Electronics,34556,O0413,1,2024-12-12,Pune,2023-01-01,Unknown,34556,2024-12
C0013,Meera Nanda,56,Female,Chennai,P0002,Laptop,Electronics,34556,O0185,1,2025-02-19,Delhi,2023-01-01,Unknown,34556,2025-02
C0006,Kabir Nair,56,Male,Kolkata,P0002,Laptop,Electronics,34556,O0071,1,2024-11-29,Lucknow,2023-01-01,Unknown,34556,2024-11
C0006,Kabir Nair,56,Male,Kolkata,P0002,Laptop,Electronics,34556,O0417,1,2025-04-11,Hyderabad,2023-01-01,Unknown,34556,2025-04
C0001,Vivaan Patel,53,Female,Bangalore,P0002,Laptop,Electronics,34556,O0021,5,2024-12-04,Hyderabad,2023-01-01,Unknown,172780,2024-12
C0001,Vivaan Patel,53,Female,Bangalore,P0002,Laptop,Electronics,34556,O0059,4,2025-03-26,Mumbai,2023-01-01,Unknown,138224,2025-03
C0001,Vivaan Patel,53,Female,Bangalore,P0002,Laptop,Electronics,34556,O0092,2,2025-03-29,Lucknow,2025-05-13,No Longer Needed,69112,2025-03
C0001,Vivaan Patel,53,Female,Bangalore,P0002,Laptop,Electronics,34556,O0112,1,2025-02-13,Mumbai,2023-01-01,Unknown,34556,2025-02
C0001,Vivaan Patel,53,Female,Bangalore,P0002,Laptop,Electronics,34556,O0410,3,2024-12-02,Hyderabad,2023-01-01,Unknown,103668,2024-12
C0005,Rohan Mehta,51,Female,Bangalore,P0002,Laptop,Electronics,34556,O0128,4,2024-12-03,Pune,2023-01-01,Unknown,138224,2024-12
C0012,Aanya Agarwal,44,Female,Mumbai,P0002,Laptop,Electronics,34556,O0178,4,2025-02-27,Lucknow,2023-01-01,Unknown,138224,2025-02
C0019,Pooja Menon,46,Female,Pune,P0002,Laptop,Electronics,34556,O0046,5,2025-02-25,Ahmedabad,2023-01-01,Unknown,172780,2025-02
C0019,Pooja Menon,46,Female,Pune,P0002,Laptop,Electronics,34556,O0498,4,2025-01-17,Hyderabad,2023-01-01,Unknown,138224,2025-01
C0018,Kavya Rao,25,Male,Mumbai,P0002,Laptop,Electronics,34556,O0048,1,2024-12-06,Jaipur,2023-01-01,Unknown,34556,2024-12
C0018,Kavya Rao,25,Male,Mumbai,P0002,Laptop,Electronics,34556,O0057,1,2025-05-11,Pune,2025-05-12,Late Delivery,34556,2025-05
C0018,Kavya Rao,25,Male,Mumbai,P0002,Laptop,Electronics,34556,O0229,3,2025-02-20,Jaipur,2023-01-01,Unknown,103668,2025-02
C0018,Kavya Rao,25,Male,Mumbai,P0002,Laptop,Electronics,34556,O0393,4,2024-12-11,Bangalore,2023-01-01,Unknown,138224,2024-12
C0018,Kavya Rao,25,Male,Mumbai,P0002,Laptop,Electronics,34556,O0442,1,2024-11-30,Lucknow,2024-12-10,No Longer Needed,34556,2024-11
C0016,Tanvi Ghosh,51,Female,Bangalore,P0001,Smartphone,Electronics,7656,O0309,1,2024-11-30,Mumbai,2023-01-01,Unknown,7656,2024-11
C0014,Priya Desai,59,Male,Mumbai,P0001,Smartphone,Electronics,7656,O0264,1,2025-03-24,Kolkata,2023-01-01,Unknown,7656,2025-03
C0011,Myra Bhatia,41,Female,Delhi,P0001,Smartphone,Electronics,7656,O0190,4,2024-12-05,Delhi,2023-01-01,Unknown,30626,2024-12
C0011,Myra Bhatia,41,Female,Delhi,P0001,Smartphone,Electronics,7656,O0306,4,2025-04-28,Lucknow,2023-01-01,Unknown,30626,2025-04
C0011,Myra Bhatia,41,Female,Delhi,P0001,Smartphone,Electronics,7656,O0456,5,2024-12-29,Bangalore,2023-01-01,Unknown,38282,2024-12
C0015,Riya Chauhan,55,Female,Bangalore,P0001,Smartphone,Electronics,7656,O0355,4,2024-11-30,Pune,2025-05-12,Wrong Item,30626,2024-11
C0017,Sneha Pillai,33,Male,Lucknow,P0001,Smartphone,Electronics,7656,O0363,4,2025-01-04,Kolkata,2023-01-01,Unknown,30626,2025-01
C0010,Saanvi Joshi,37,Female,Mumbai,P0001,Smartphone,Electronics,7656,O0325,4,2024-12-01,Chennai,2023-01-01,Unknown,30626,2024-12
C0004,Arjun Singh,26,Female,Ahmedabad,P0001,Smartphone,Electronics,7656,O0018,5,2025-04-15,Bangalore,2025-04-18,Wrong Item,38282,2025-04
C0004,Arjun Singh,26,Female,Ahmedabad,P0001,Smartphone,Electronics,7656,O0114,2,2025-01-15,Jaipur,2023-01-01,Unknown,15313,2025-01
C0004,Arjun Singh,26,Female,Ahmedabad,P0001,Smartphone,Electronics,7656,O0323,4,2025-05-06,Mumbai,2023-01-01,Unknown,30626,2025-05
C0002,Aditya Verma,30,Female,Jaipur,P0001,Smartphone,Electronics,7656,O0287,3,2025-01-17,Hyderabad,2023-01-01,Unknown,22969,2025-01
C0002,Aditya Verma,30,Female,Jaipur,P0001,Smartphone,Electronics,7656,O0351,1,2024-12-28,Hyderabad,2023-01-01,Unknown,7656,2024-12
C0003,Krishna Reddy,20,Male,Mumbai,P0001,Smartphone,Electronics,7656,O0348,1,2025-04-02,Hyderabad,2023-01-01,Unknown,7656,2025-04
C0003,Krishna Reddy,20,Male,Mumbai,P0001,Smartphone,Electronics,7656,O0353,4,2025-01-31,Mumbai,2023-01-01,Unknown,30626,2025-01
C0007,Ananya Iyer,57,Female,Bangalore,P0001,Smartphone,Electronics,7656,O0015,5,2025-01-21,Hyderabad,2023-01-01,Unknown,38282,2025-01
C0007,Ananya Iyer,57,Female,Bangalore,P0001,Smartphone,Electronics,7656,O0016,1,2025-04-30,Pune,2023-01-01,Unknown,7656,2025-04
C0007,Ananya Iyer,57,Female,Bangalore,P0001,Smartphone,Electronics,7656,O0310,4,2024-12-08,Kolkata,2023-01-01,Unknown,30626,2024-12
C0007,Ananya Iyer,57,Female,Bangalore,P0001,Smartphone,Electronics,7656,O0460,4,2025-03-23,Mumbai,2023-01-01,Unknown,30626,2025-03
C0006,Kabir Nair,56,Male,Kolkata,P0001,Smartphone,Electronics,7656,O0237,5,2025-03-11,Kolkata,2025-03-17,Late Delivery,38282,2025-03
C0001,Vivaan Patel,53,Female,Bangalore,P0001,Smartphone,Electronics,7656,O0288,4,2025-01-14,Jaipur,2025-04-16,Defective,30626,2025-01
C0001,Vivaan Patel,53,Female,Bangalore,P0001,Smartphone,Electronics,7656,O0382,2,2024-12-29,Lucknow,2023-01-01,Unknown,15313,2024-12
C0000,Aarav Sharma,43,Female,Kolkata,P0001,Smartphone,Electronics,7656,O0118,5,2025-04-10,Chennai,2023-01-01,Unknown,38282,2025-04
C0005,Rohan Mehta,51,Female,Bangalore,P0001,Smartphone,Electronics,7656,O0260,4,2025-01-02,Chennai,2023-01-01,Unknown,30626,2025-01
C0018,Kavya Rao,25,Male,Mumbai,P0001,Smartphone,Electronics,7656,O0225,2,2024-12-10,Chennai,2023-01-01,Unknown,15313,2024-12
C0014,Priya Desai,59,Male,Mumbai,P0009,Air Purifier,Home Goods,6990,O0002,3,2025-03-26,Jaipur,2023-01-01,Unknown,20971,2025-03
C0014,Priya Desai,59,Male,Mumbai,P0009,Air Purifier,Home Goods,6990,O0346,5,2025-01-02,Hyderabad,2023-01-01,Unknown,34952,2025-01
C0011,Myra Bhatia,41,Female,Delhi,P0009,Air Purifier,Home Goods,6990,O0230,1,2025-05-09,Ahmedabad,2025-05-21,Wrong Item,6990,2025-05
C0011,Myra Bhatia,41,Female,Delhi,P0009,Air Purifier,Home Goods,6990,O0426,4,2025-02-20,Lucknow,2023-01-01,Unknown,27961,2025-02
C0015,Riya Chauhan,55,Female,Bangalore,P0009,Air Purifier,Home Goods,6990,O0045,2,2025-03-11,Hyderabad,2025-04-01,Wrong Item,13981,2025-03
C0015,Riya Chauhan,55,Female,Bangalore,P0009,Air Purifier,Home Goods,6990,O0228,5,2025-01-12,Delhi,2023-01-01,Unknown,34952,2025-01
C0015,Riya Chauhan,55,Female,Bangalore,P0009,Air Purifier,Home Goods,6990,O0364,4,2025-03-06,Kolkata,2025-03-14,Wrong Item,27961,2025-03
C0017,Sneha Pillai,33,Male,Lucknow,P0009,Air Purifier,Home Goods,6990,O0027,4,2025-03-17,Bangalore,2023-01-01,Unknown,27961,2025-03
C0017,Sneha Pillai,33,Male,Lucknow,P0009,Air Purifier,Home Goods,6990,O0087,2,2025-04-02,Pune,2025-04-16,Wrong Item,13981,2025-04
C0017,Sneha Pillai,33,Male,Lucknow,P0009,Air Purifier,Home Goods,6990,O0291,5,2024-12-08,Bangalore,2023-01-01,Unknown,34952,2024-12
C0008,Diya Kapoor,43,Female,Lucknow,P0009,Air Purifier,Home Goods,6990,O0013,3,2025-01-06,Bangalore,2023-01-01,Unknown,20971,2025-01
C0008,Diya Kapoor,43,Female,Lucknow,P0009,Air Purifier,Home Goods,6990,O0104,5,2024-11-22,Lucknow,2023-01-01,Unknown,34952,2024-11
C0008,Diya Kapoor,43,Female,Lucknow,P0009,Air Purifier,Home Goods,6990,O0132,5,2025-02-12,Mumbai,2025-03-26,Defective,34952,2025-02
C0004,Arjun Singh,26,Female,Ahmedabad,P0009,Air Purifier,Home Goods,6990,O0215,4,2024-11-26,Pune,2023-01-01,Unknown,27961,2024-11
C0004,Arjun Singh,26,Female,Ahmedabad,P0009,Air Purifier,Home Goods,6990,O0458,5,2025-02-04,Mumbai,2023-01-01,Unknown,34952,2025-02
C0004,Arjun Singh,26,Female,Ahmedabad,P0009,Air Purifier,Home Goods,6990,O0483,2,2025-03-01,Mumbai,2023-01-01,Unknown,13981,2025-03
C0002,Aditya Verma,30,Female,Jaipur,P0009,Air Purifier,Home Goods,6990,O0283,1,2024-12-29,Kolkata,2023-01-01,Unknown,6990,2024-12
C0003,Krishna Reddy,20,Male,Mumbai,P0009,Air Purifier,Home Goods,6990,O0206,2,2024-12-04,Kolkata,2025-02-08,Other,13981,2024-12
C0003,Krishna Reddy,20,Male,Mumbai,P0009,Air Purifier,Home Goods,6990,O0315,1,2025-01-10,Bangalore,2025-02-04,Other,6990,2025-01
C0007,Ananya Iyer,57,Female,Bangalore,P0009,Air Purifier,Home Goods,6990,O0198,2,2025-05-01,Jaipur,2023-01-01,Unknown,13981,2025-05
C0007,Ananya Iyer,57,Female,Bangalore,P0009,Air Purifier,Home Goods,6990,O0316,1,2025-05-11,Pune,2023-01-01,Unknown,6990,2025-05
C0007,Ananya Iyer,57,Female,Bangalore,P0009,Air Purifier,Home Goods,6990,O0324,3,2025-01-18,Mumbai,2025-03-19,Wrong Item,20971,2025-01
C0007,Ananya Iyer,57,Female,Bangalore,P0009,Air Purifier,Home Goods,6990,O0427,1,2024-12-25,Pune,2023-01-01,Unknown,6990,2024-12
C0013,Meera Nanda,56,Female,Chennai,P0009,Air Purifier,Home Goods,6990,O0067,4,2025-01-11,Hyderabad,2023-01-01,Unknown,27961,2025-01
C0013,Meera Nanda,56,Female,Chennai,P0009,Air Purifier,Home Goods,6990,O0360,4,2025-02-16,Mumbai,2023-01-01,Unknown,27961,2025-02
C0006,Kabir Nair,56,Male,Kolkata,P0009,Air Purifier,Home Goods,6990,O0279,5,2025-03-09,Jaipur,2023-01-01,Unknown,34952,2025-03
C0001,Vivaan Patel,53,Female,Bangalore,P0009,Air Purifier,Home Goods,6990,O0086,4,2025-01-30,Pune,2023-01-01,Unknown,27961,2025-01
C0000,Aarav Sharma,43,Female,Kolkata,P0009,Air Purifier,Home Goods,6990,O0117,5,2025-04-08,Pune,2023-01-01,Unknown,34952,2025-04
C0000,Aarav Sharma,43,Female,Kolkata,P0009,Air Purifier,Home Goods,6990,O0379,4,2025-02-07,Mumbai,2025-03-20,Defective,27961,2025-02
C0000,Aarav Sharma,43,Female,Kolkata,P0009,Air Purifier,Home Goods,6990,O0478,3,2025-05-07,Jaipur,2025-05-19,No Longer Needed,20971,2025-05
C0005,Rohan Mehta,51,Female,Bangalore,P0009,Air Purifier,Home Goods,6990,O0064,4,2025-04-07,Jaipur,2023-01-01,Unknown,27961,2025-04
C0005,Rohan Mehta,51,Female,Bangalore,P0009,Air Purifier,Home Goods,6990,O0084,4,2024-12-23,Hyderabad,2023-01-01,Unknown,27961,2024-12
C0005,Rohan Mehta,51,Female,Bangalore,P0009,Air Purifier,Home Goods,6990,O0111,1,2025-02-14,Jaipur,2023-01-01,Unknown,6990,2025-02
C0005,Rohan Mehta,51,Female,Bangalore,P0009,Air Purifier,Home Goods,6990,O0218,2,2024-12-20,Ahmedabad,2023-01-01,Unknown,13981,2024-12
C0012,Aanya Agarwal,44,Female,Mumbai,P0009,Air Purifier,Home Goods,6990,O0082,3,2024-12-26,Pune,2023-01-01,Unknown,20971,2024-12
C0012,Aanya Agarwal,44,Female,Mumbai,P0009,Air Purifier,Home Goods,6990,O0222,5,2025-02-26,Ahmedabad,2023-01-01,Unknown,34952,2025-02
C0012,Aanya Agarwal,44,Female,Mumbai,P0009,Air Purifier,Home Goods,6990,O0344,1,2025-03-22,Chennai,2025-04-24,Defective,6990,2025-03
C0012,Aanya Agarwal,44,Female,Mumbai,P0009,Air Purifier,Home Goods,6990,O0437,4,2024-12-25,Jaipur,2025-04-21,Late Delivery,27961,2024-12
C0019,Pooja Menon,46,Female,Pune,P0009,Air Purifier,Home Goods,6990,O0122,3,2025-04-02,Kolkata,2023-01-01,Unknown,20971,2025-04
C0018,Kavya Rao,25,Male,Mumbai,P0009,Air Purifier,Home Goods,6990,O0157,2,2025-04-04,Pune,2023-01-01,Unknown,13981,2025-04
C0018,Kavya Rao,25,Male,Mumbai,P0009,Air Purifier,Home Goods,6990,O0365,3,2025-01-05,Pune,2025-01-20,No Longer Needed,20971,2025-01
C0018,Kavya Rao,25,Male,Mumbai,P0009,Air Purifier,Home Goods,6990,O0414,4,2025-05-11,Bangalore,2023-01-01,Unknown,27961,2025-05
C0018,Kavya Rao,25,Male,Mumbai,P0009,Air Purifier,Home Goods,6990,O0431,5,2025-03-05,Lucknow,2023-01-01,Unknown,34952,2025-03
C0014,Priya Desai,59,Male,Mumbai,P0010,Steel Blender,Home Goods,10446,O0203,4,2025-01-04,Pune,2023-01-01,Unknown,41785,2025-01
C0014,Priya Desai,59,Male,Mumbai,P0010,Steel Blender,Home Goods,10446,O0220,1,2025-04-12,Kolkata,2025-04-16,Other,10446,2025-04
C0011,Myra Bhatia,41,Female,Delhi,P0010,Steel Blender,Home Goods,10446,O0042,2,2025-02-07,Hyderabad,2025-03-15,Other,20893,2025-02
C0011,Myra Bhatia,41,Female,Delhi,P0010,Steel Blender,Home Goods,10446,O0374,1,2025-01-01,Kolkata,2023-01-01,Unknown,10446,2025-01
C0015,Riya Chauhan,55,Female,Bangalore,P0010,Steel Blender,Home Goods,10446,O0179,4,2025-01-26,Jaipur,2025-05-08,Defective,41785,2025-01
C0017,Sneha Pillai,33,Male,Lucknow,P0010,Steel Blender,Home Goods,10446,O0080,2,2024-12-06,Pune,2023-01-01,Unknown,20893,2024-12
C0017,Sneha Pillai,33,Male,Lucknow,P0010,Steel Blender,Home Goods,10446,O0187,5,2025-05-05,Hyderabad,2023-01-01,Unknown,52232,2025-05
C0017,Sneha Pillai,33,Male,Lucknow,P0010,Steel Blender,Home Goods,10446,O0253,2,2025-01-30,Lucknow,2025-04-26,Other,20893,2025-01
C0017,Sneha Pillai,33,Male,Lucknow,P0010,Steel Blender,Home Goods,10446,O0277,5,2025-03-25,Lucknow,2023-01-01,Unknown,52232,2025-03
C0009,Ishita Shah,39,Female,Lucknow,P0010,Steel Blender,Home Goods,10446,O0212,5,2024-12-28,Delhi,2023-01-01,Unknown,52232,2024-12
C0010,Saanvi Joshi,37,Female,Mumbai,P0010,Steel Blender,Home Goods,10446,O0129,1,2025-02-23,Jaipur,2023-01-01,Unknown,10446,2025-02
C0010,Saanvi Joshi,37,Female,Mumbai,P0010,Steel Blender,Home Goods,10446,O0140,5,2025-04-09,Lucknow,2023-01-01,Unknown,52232,2025-04
C0010,Saanvi Joshi,37,Female,Mumbai,P0010,Steel Blender,Home Goods,10446,O0165,4,2024-11-26,Kolkata,2023-01-01,Unknown,41785,2024-11
C0010,Saanvi Joshi,37,Female,Mumbai,P0010,Steel Blender,Home Goods,10446,O0209,4,2024-12-07,Lucknow,2023-01-01,Unknown,41785,2024-12
C0010,Saanvi Joshi,37,Female,Mumbai,P0010,Steel Blender,Home Goods,10446,O0380,2,2025-01-07,Bangalore,2023-01-01,Unknown,20893,2025-01
C0004,Arjun Singh,26,Female,Ahmedabad,P0010,Steel Blender,Home Goods,10446,O0263,2,2025-05-18,Jaipur,2023-01-01,Unknown,20893,2025-05
C0002,Aditya Verma,30,Female,Jaipur,P0010,Steel Blender,Home Goods,10446,O0330,1,2025-01-25,Jaipur,2023-01-01,Unknown,10446,2025-01
C0002,Aditya Verma,30,Female,Jaipur,P0010,Steel Blender,Home Goods,10446,O0350,5,2025-04-13,Chennai,2025-04-26,Defective,52232,2025-04
C0003,Krishna Reddy,20,Male,Mumbai,P0010,Steel Blender,Home Goods,10446,O0014,5,2025-02-21,Hyderabad,2025-04-02,Defective,52232,2025-02
C0003,Krishna Reddy,20,Male,Mumbai,P0010,Steel Blender,Home Goods,10446,O0308,1,2025-02-07,Hyderabad,2023-01-01,Unknown,10446,2025-02
C0013,Meera Nanda,56,Female,Chennai,P0010,Steel Blender,Home Goods,10446,O0070,1,2025-03-04,Hyderabad,2025-04-20,Defective,10446,2025-03
C0013,Meera Nanda,56,Female,Chennai,P0010,Steel Blender,Home Goods,10446,O0272,4,2024-12-24,Hyderabad,2024-12-31,Defective,41785,2024-12
C0001,Vivaan Patel,53,Female,Bangalore,P0010,Steel Blender,Home Goods,10446,O0358,5,2025-01-19,Lucknow,2023-01-01,Unknown,52232,2025-01
C0001,Vivaan Patel,53,Female,Bangalore,P0010,Steel Blender,Home Goods,10446,O0487,5,2024-12-10,Hyderabad,2023-01-01,Unknown,52232,2024-12
C0000,Aarav Sharma,43,Female,Kolkata,P0010,Steel Blender,Home Goods,10446,O0270,2,2025-02-16,Ahmedabad,2023-01-01,Unknown,20893,2025-02
C0005,Rohan Mehta,51,Female,Bangalore,P0010,Steel Blender,Home Goods,10446,O0032,4,2025-02-15,Pune,2023-01-01,Unknown,41785,2025-02
C0005,Rohan Mehta,51,Female,Bangalore,P0010,Steel Blender,Home Goods,10446,O0236,2,2025-05-10,Hyderabad,2023-01-01,Unknown,20893,2025-05
C0005,Rohan Mehta,51,Female,Bangalore,P0010,Steel Blender,Home Goods,10446,O0354,4,2025-02-01,Pune,2023-01-01,Unknown,41785,2025-02
C0005,Rohan Mehta,51,Female,Bangalore,P0010,Steel Blender,Home Goods,10446,O0409,4,2025-04-21,Bangalore,2023-01-01,Unknown,41785,2025-04
C0012,Aanya Agarwal,44,Female,Mumbai,P0010,Steel Blender,Home Goods,10446,O0210,1,2025-05-18,Kolkata,2023-01-01,Unknown,10446,2025-05
C0012,Aanya Agarwal,44,Female,Mumbai,P0010,Steel Blender,Home Goods,10446,O0391,1,2025-01-16,Bangalore,2023-01-01,Unknown,10446,2025-01
C0019,Pooja Menon,46,Female,Pune,P0010,Steel Blender,Home Goods,10446,O0154,3,2025-01-16,Pune,2023-01-01,Unknown,31339,2025-01
C0019,Pooja Menon,46,Female,Pune,P0010,Steel Blender,Home Goods,10446,O0447,4,2025-01-24,Mumbai,2023-01-01,Unknown,41785,2025-01
C0019,Pooja Menon,46,Female,Pune,P0010,Steel Blender,Home Goods,10446,O0479,3,2025-03-05,Chennai,2023-01-01,Unknown,31339,2025-03
C0018,Kavya Rao,25,Male,Mumbai,P0010,Steel Blender,Home Goods,10446,O0077,3,2025-04-09,Hyderabad,2023-01-01,Unknown,31339,2025-04
C0018,Kavya Rao,25,Male,Mumbai,P0010,Steel Blender,Home Goods,10446,O0332,1,2025-05-16,Pune,2023-01-01,Unknown,10446,2025-05
C0018,Kavya Rao,25,Male,Mumbai,P0010,Steel Blender,Home Goods,10446,O0375,2,2025-05-20,Lucknow,2023-01-01,Unknown,20893,2025-05
C0018,Kavya Rao,25,Male,Mumbai,P0010,Steel Blender,Home Goods,10446,O0445,4,2025-03-14,Mumbai,2023-01-01,Unknown,41785,2025-03
C0014,Priya Desai,59,Male,Mumbai,P0005,Jackets,Clothing,46034,O0335,2,2025-03-04,Delhi,2025-03-18,Defective,92068,2025-03
C0011,Myra Bhatia,41,Female,Delhi,P0005,Jackets,Clothing,46034,O0099,3,2025-03-31,Kolkata,2023-01-01,Unknown,138102,2025-03
C0011,Myra Bhatia,41,Female,Delhi,P0005,Jackets,Clothing,46034,O0259,1,2025-01-21,Kolkata,2023-01-01,Unknown,46034,2025-01
C0015,Riya Chauhan,55,Female,Bangalore,P0005,Jackets,Clothing,46034,O0131,1,2025-02-04,Delhi,2023-01-01,Unknown,46034,2025-02
C0015,Riya Chauhan,55,Female,Bangalore,P0005,Jackets,Clothing,46034,O0449,3,2024-12-01,Mumbai,2023-01-01,Unknown,138102,2024-12
C0017,Sneha Pillai,33,Male,Lucknow,P0005,Jackets,Clothing,46034,O0005,2,2025-03-03,Chennai,2023-01-01,Unknown,92068,2025-03
C0017,Sneha Pillai,33,Male,Lucknow,P0005,Jackets,Clothing,46034,O0119,1,2025-01-20,Jaipur,2025-05-04,Late Delivery,46034,2025-01
C0017,Sneha Pillai,33,Male,Lucknow,P0005,Jackets,Clothing,46034,O0238,5,2025-03-09,Jaipur,2023-01-01,Unknown,230170,2025-03
C0010,Saanvi Joshi,37,Female,Mumbai,P0005,Jackets,Clothing,46034,O0031,5,2025-01-08,Hyderabad,2023-01-01,Unknown,230170,2025-01
C0010,Saanvi Joshi,37,Female,Mumbai,P0005,Jackets,Clothing,46034,O0037,5,2025-03-14,Lucknow,2023-01-01,Unknown,230170,2025-03
C0010,Saanvi Joshi,37,Female,Mumbai,P0005,Jackets,Clothing,46034,O0094,1,2025-02-24,Hyderabad,2023-01-01,Unknown,46034,2025-02
C0010,Saanvi Joshi,37,Female,Mumbai,P0005,Jackets,Clothing,46034,O0438,5,2025-05-21,Ahmedabad,2025-05-21,Late Delivery,230170,2025-05
C0010,Saanvi Joshi,37,Female,Mumbai,P0005,Jackets,Clothing,46034,O0450,3,2025-03-22,Chennai,2023-01-01,Unknown,138102,2025-03
C0008,Diya Kapoor,43,Female,Lucknow,P0005,Jackets,Clothing,46034,O0008,1,2025-01-31,Lucknow,2023-01-01,Unknown,46034,2025-01
C0008,Diya Kapoor,43,Female,Lucknow,P0005,Jackets,Clothing,46034,O0357,4,2025-03-28,Bangalore,2023-01-01,Unknown,184136,2025-03
C0004,Arjun Singh,26,Female,Ahmedabad,P0005,Jackets,Clothing,46034,O0010,1,2025-01-07,Chennai,2025-02-24,Late Delivery,46034,2025-01
C0004,Arjun Singh,26,Female,Ahmedabad,P0005,Jackets,Clothing,46034,O0164,1,2024-11-26,Pune,2023-01-01,Unknown,46034,2024-11
C0004,Arjun Singh,26,Female,Ahmedabad,P0005,Jackets,Clothing,46034,O0167,3,2025-02-18,Lucknow,2025-03-02,Defective,138102,2025-02
C0004,Arjun Singh,26,Female,Ahmedabad,P0005,Jackets,Clothing,46034,O0452,4,2025-01-31,Kolkata,2023-01-01,Unknown,184136,2025-01
C0002,Aditya Verma,30,Female,Jaipur,P0005,Jackets,Clothing,46034,O0146,2,2024-12-22,Pune,2025-05-15,Other,92068,2024-12
C0002,Aditya Verma,30,Female,Jaipur,P0005,Jackets,Clothing,46034,O0361,4,2025-02-10,Bangalore,2023-01-01,Unknown,184136,2025-02
C0002,Aditya Verma,30,Female,Jaipur,P0005,Jackets,Clothing,46034,O0416,5,2025-03-07,Ahmedabad,2023-01-01,Unknown,230170,2025-03
C0002,Aditya Verma,30,Female,Jaipur,P0005,Jackets,Clothing,46034,O0457,5,2025-04-17,Pune,2023-01-01,Unknown,230170,2025-04
C0002,Aditya Verma,30,Female,Jaipur,P0005,Jackets,Clothing,46034,O0467,1,2025-02-12,Pune,2023-01-01,Unknown,46034,2025-02
C0003,Krishna Reddy,20,Male,Mumbai,P0005,Jackets,Clothing,46034,O0443,5,2025-05-11,Kolkata,2023-01-01,Unknown,230170,2025-05
C0007,Ananya Iyer,57,Female,Bangalore,P0005,Jackets,Clothing,46034,O0085,2,2025-04-07,Ahmedabad,2023-01-01,Unknown,92068,2025-04
C0007,Ananya Iyer,57,Female,Bangalore,P0005,Jackets,Clothing,46034,O0088,2,2025-02-07,Kolkata,2025-02-16,No Longer Needed,92068,2025-02
C0007,Ananya Iyer,57,Female,Bangalore,P0005,Jackets,Clothing,46034,O0125,1,2025-05-21,Mumbai,2025-05-21,Late Delivery,46034,2025-05
C0007,Ananya Iyer,57,Female,Bangalore,P0005,Jackets,Clothing,46034,O0232,1,2025-01-03,Ahmedabad,2023-01-01,Unknown,46034,2025-01
C0013,Meera Nanda,56,Female,Chennai,P0005,Jackets,Clothing,46034,O0079,3,2024-12-07,Mumbai,2023-01-01,Unknown,138102,2024-12
C0013,Meera Nanda,56,Female,Chennai,P0005,Jackets,Clothing,46034,O0105,2,2025-01-18,Hyderabad,2023-01-01,Unknown,92068,2025-01
C0013,Meera Nanda,56,Female,Chennai,P0005,Jackets,Clothing,46034,O0444,4,2025-01-10,Ahmedabad,2023-01-01,Unknown,184136,2025-01
C0006,Kabir Nair,56,Male,Kolkata,P0005,Jackets,Clothing,46034,O0020,3,2024-12-14,Chennai,2023-01-01,Unknown,138102,2024-12
C0001,Vivaan Patel,53,Female,Bangalore,P0005,Jackets,Clothing,46034,O0226,2,2025-03-11,Jaipur,2025-05-20,Wrong Item,92068,2025-03
C0001,Vivaan Patel,53,Female,Bangalore,P0005,Jackets,Clothing,46034,O0298,2,2025-02-01,Delhi,2023-01-01,Unknown,92068,2025-02
C0001,Vivaan Patel,53,Female,Bangalore,P0005,Jackets,Clothing,46034,O0423,4,2025-03-28,Ahmedabad,2023-01-01,Unknown,184136,2025-03
C0000,Aarav Sharma,43,Female,Kolkata,P0005,Jackets,Clothing,46034,O0025,5,2025-01-27,Lucknow,2023-01-01,Unknown,230170,2025-01
C0000,Aarav Sharma,43,Female,Kolkata,P0005,Jackets,Clothing,46034,O0038,3,2025-03-21,Hyderabad,2023-01-01,Unknown,138102,2025-03
C0000,Aarav Sharma,43,Female,Kolkata,P0005,Jackets,Clothing,46034,O0066,4,2025-02-02,Jaipur,2025-05-10,Wrong Item,184136,2025-02
C0000,Aarav Sharma,43,Female,Kolkata,P0005,Jackets,Clothing,46034,O0155,4,2025-01-04,Pune,2025-01-12,Defective,184136,2025-01
C0005,Rohan Mehta,51,Female,Bangalore,P0005,Jackets,Clothing,46034,O0446,4,2025-04-15,Bangalore,2023-01-01,Unknown,184136,2025-04
C0012,Aanya Agarwal,44,Female,Mumbai,P0005,Jackets,Clothing,46034,O0056,1,2024-12-20,Hyderabad,2025-05-20,No Longer Needed,46034,2024-12
C0012,Aanya Agarwal,44,Female,Mumbai,P0005,Jackets,Clothing,46034,O0389,3,2025-03-19,Bangalore,2023-01-01,Unknown,138102,2025-03
C0019,Pooja Menon,46,Female,Pune,P0005,Jackets,Clothing,46034,O0145,2,2025-05-01,Delhi,2023-01-01,Unknown,92068,2025-05
C0018,Kavya Rao,25,Male,Mumbai,P0005,Jackets,Clothing,46034,O0240,5,2025-01-10,Delhi,2023-01-01,Unknown,230170,2025-01
C0018,Kavya Rao,25,Male,Mumbai,P0005,Jackets,Clothing,46034,O0320,5,2024-12-15,Hyderabad,2023-01-01,Unknown,230170,2024-12
C0011,Myra Bhatia,41,Female,Delhi,P0011,Closet,Home Goods,16320,O0003,3,2024-12-11,Lucknow,2023-01-01,Unknown,48960,2024-12
C0015,Riya Chauhan,55,Female,Bangalore,P0011,Closet,Home Goods,16320,O0489,3,2025-05-18,Jaipur,2023-01-01,Unknown,48960,2025-05
C0009,Ishita Shah,39,Female,Lucknow,P0011,Closet,Home Goods,16320,O0289,5,2025-01-27,Pune,2023-01-01,Unknown,81600,2025-01
C0010,Saanvi Joshi,37,Female,Mumbai,P0011,Closet,Home Goods,16320,O0197,1,2025-05-17,Bangalore,2023-01-01,Unknown,16320,2025-05
C0010,Saanvi Joshi,37,Female,Mumbai,P0011,Closet,Home Goods,16320,O0493,1,2024-12-09,Hyderabad,2023-01-01,Unknown,16320,2024-12
C0008,Diya Kapoor,43,Female,Lucknow,P0011,Closet,Home Goods,16320,O0177,2,2025-04-01,Pune,2023-01-01,Unknown,32640,2025-04
C0008,Diya Kapoor,43,Female,Lucknow,P0011,Closet,Home Goods,16320,O0208,4,2025-01-04,Jaipur,2023-01-01,Unknown,65280,2025-01
C0008,Diya Kapoor,43,Female,Lucknow,P0011,Closet,Home Goods,16320,O0245,4,2025-01-03,Pune,2023-01-01,Unknown,65280,2025-01
C0008,Diya Kapoor,43,Female,Lucknow,P0011,Closet,Home Goods,16320,O0276,1,2024-12-09,Hyderabad,2023-01-01,Unknown,16320,2024-12
C0008,Diya Kapoor,43,Female,Lucknow,P0011,Closet,Home Goods,16320,O0412,3,2025-03-30,Chennai,2025-03-31,Late Delivery,48960,2025-03
C0008,Diya Kapoor,43,Female,Lucknow,P0011,Closet,Home Goods,16320,O0470,4,2024-12-10,Jaipur,2023-01-01,Unknown,65280,2024-12
C0008,Diya Kapoor,43,Female,Lucknow,P0011,Closet,Home Goods,16320,O0481,3,2025-01-11,Chennai,2023-01-01,Unknown,48960,2025-01
C0008,Diya Kapoor,43,Female,Lucknow,P0011,Closet,Home Goods,16320,O0482,3,2024-11-25,Hyderabad,2025-02-22,Defective,48960,2024-11
C0004,Arjun Singh,26,Female,Ahmedabad,P0011,Closet,Home Goods,16320,O0063,3,2025-01-12,Delhi,2023-01-01,Unknown,48960,2025-01
C0004,Arjun Singh,26,Female,Ahmedabad,P0011,Closet,Home Goods,16320,O0331,4,2025-01-30,Delhi,2023-01-01,Unknown,65280,2025-01
C0004,Arjun Singh,26,Female,Ahmedabad,P0011,Closet,Home Goods,16320,O0472,2,2024-12-12,Lucknow,2023-01-01,Unknown,32640,2024-12
C0003,Krishna Reddy,20,Male,Mumbai,P0011,Closet,Home Goods,16320,O0255,4,2025-03-08,Mumbai,2023-01-01,Unknown,65280,2025-03
C0003,Krishna Reddy,20,Male,Mumbai,P0011,Closet,Home Goods,16320,O0463,1,2025-02-22,Hyderabad,2025-02-24,Other,16320,2025-02
C0007,Ananya Iyer,57,Female,Bangalore,P0011,Closet,Home Goods,16320,O0359,3,2025-04-17,Ahmedabad,2025-04-18,No Longer Needed,48960,2025-04
C0007,Ananya Iyer,57,Female,Bangalore,P0011,Closet,Home Goods,16320,O0370,2,2024-12-16,Chennai,2023-01-01,Unknown,32640,2024-12
C0007,Ananya Iyer,57,Female,Bangalore,P0011,Closet,Home Goods,16320,O0469,2,2025-03-04,Hyderabad,2023-01-01,Unknown,32640,2025-03
C0013,Meera Nanda,56,Female,Chennai,P0011,Closet,Home Goods,16320,O0019,4,2025-01-09,Ahmedabad,2023-01-01,Unknown,65280,2025-01
C0013,Meera Nanda,56,Female,Chennai,P0011,Closet,Home Goods,16320,O0223,4,2025-03-05,Pune,2023-01-01,Unknown,65280,2025-03
C0006,Kabir Nair,56,Male,Kolkata,P0011,Closet,Home Goods,16320,O0435,2,2025-01-18,Lucknow,2023-01-01,Unknown,32640,2025-01
C0001,Vivaan Patel,53,Female,Bangalore,P0011,Closet,Home Goods,16320,O0039,1,2025-04-18,Ahmedabad,2023-01-01,Unknown,16320,2025-04
C0001,Vivaan Patel,53,Female,Bangalore,P0011,Closet,Home Goods,16320,O0497,5,2025-01-24,Lucknow,2023-01-01,Unknown,81600,2025-01
C0000,Aarav Sharma,43,Female,Kolkata,P0011,Closet,Home Goods,16320,O0471,1,2025-03-07,Ahmedabad,2023-01-01,Unknown,16320,2025-03
C0000,Aarav Sharma,43,Female,Kolkata,P0011,Closet,Home Goods,16320,O0485,4,2025-02-02,Chennai,2023-01-01,Unknown,65280,2025-02
C0005,Rohan Mehta,51,Female,Bangalore,P0011,Closet,Home Goods,16320,O0173,5,2025-01-16,Mumbai,2023-01-01,Unknown,81600,2025-01
C0005,Rohan Mehta,51,Female,Bangalore,P0011,Closet,Home Goods,16320,O0183,5,2025-04-14,Mumbai,2023-01-01,Unknown,81600,2025-04
C0005,Rohan Mehta,51,Female,Bangalore,P0011,Closet,Home Goods,16320,O0201,4,2025-04-12,Pune,2025-04-20,Other,65280,2025-04
C0005,Rohan Mehta,51,Female,Bangalore,P0011,Closet,Home Goods,16320,O0418,3,2025-01-03,Delhi,2023-01-01,Unknown,48960,2025-01
C0018,Kavya Rao,25,Male,Mumbai,P0011,Closet,Home Goods,16320,O0144,4,2025-04-25,Delhi,2025-05-13,Other,65280,2025-04
C0018,Kavya Rao,25,Male,Mumbai,P0011,Closet,Home Goods,16320,O0184,4,2025-05-17,Kolkata,2023-01-01,Unknown,65280,2025-05
C0018,Kavya Rao,25,Male,Mumbai,P0011,Closet,Home Goods,16320,O0402,2,2024-11-29,Bangalore,2023-01-01,Unknown,32640,2024-11
