Customer _ID,Customer_Name,Age,Gender,Location,Product_ID,Product_Name,Category,Price,Order_ID,Quantity,Order_Date,Store_Location,Return_Date,Reason,Total_Sales
C0016,Tanvi Ghosh,51,Female,Bangalore,P0007,Kurtas,Clothing,36818,O0001,3,1/7/2025,Bangalore,,,110455
C0016,Tanvi Ghosh,51,Female,Bangalore,P0007,Kurtas,Clothing,36818,O0152,1,11/28/2024,Mumbai,,,36818
C0016,Tanvi Ghosh,51,Female,Bangalore,P0007,Kurtas,Clothing,36818,O0329,3,4/29/2025,Ahmedabad,,,110455
C0016,Tanvi Ghosh,51,Female,Bangalore,P0007,Kurtas,Clothing,36818,O0428,5,1/6/2025,Ahmedabad,,,184091
C0016,Tanvi Ghosh,51,Female,Bangalore,P0007,Kurtas,Clothing,36818,O0440,1,2/16/2025,Pune,,,36818
C0017,Sneha Pillai,33,Male,Lucknow,P0007,Kurtas,Clothing,36818,O0009,4,5/6/2025,Kolkata,5/18/2025,Wrong Item,147273
C0017,Sneha Pillai,33,Male,Lucknow,P0007,Kurtas,Clothing,36818,O0143,4,2/13/2025,Bangalore,,,147273
C0017,Sneha Pillai,33,Male,Lucknow,P0007,Kurtas,Clothing,36818,O0401,1,3/20/2025,Ahmedabad,,,36818
C0017,Sneha Pillai,33,Male,Lucknow,P0007,Kurtas,Clothing,36818,O0421,2,12/2/2024,Kolkata,,,73637
C0009,Ishita Shah,39,Female,Lucknow,P0007,Kurtas,Clothing,36818,O0060,2,1/9/2025,Bangalore,,,73637
C0009,Ishita Shah,39,Female,Lucknow,P0007,Kurtas,Clothing,36818,O0098,4,3/10/2025,Jaipur,,,147273
C0009,Ishita Shah,39,Female,Lucknow,P0007,Kurtas,Clothing,36818,O0191,1,1/17/2025,Delhi,,,36818
C0009,Ishita Shah,39,Female,Lucknow,P0007,Kurtas,Clothing,36818,O0500,1,11/28/2024,Bangalore,,,36818
C0010,Saanvi Joshi,37,Female,Mumbai,P0007,Kurtas,Clothing,36818,O0102,1,12/9/2024,Lucknow,,,36818
C0010,Saanvi Joshi,37,Female,Mumbai,P0007,Kurtas,Clothing,36818,O0294,5,12/15/2024,Delhi,12/24/2024,Wrong Item,184091
C0010,Saanvi Joshi,37,Female,Mumbai,P0007,Kurtas,Clothing,36818,O0334,3,1/18/2025,Kolkata,4/5/2025,No Longer Needed,110455
C0008,Diya Kapoor,43,Female,Lucknow,P0007,Kurtas,Clothing,36818,O0091,5,1/11/2025,Lucknow,,,184091
C0008,Diya Kapoor,43,Female,Lucknow,P0007,Kurtas,Clothing,36818,O0123,1,2/11/2025,Kolkata,,,36818
C0008,Diya Kapoor,43,Female,Lucknow,P0007,Kurtas,Clothing,36818,O0171,3,3/17/2025,Delhi,,,110455
C0008,Diya Kapoor,43,Female,Lucknow,P0007,Kurtas,Clothing,36818,O0486,4,12/23/2024,Pune,1/18/2025,Late Delivery,147273
C0004,Arjun Singh,26,Female,Ahmedabad,P0007,Kurtas,Clothing,36818,O0241,1,3/31/2025,Chennai,,,36818
C0002,Aditya Verma,30,Female,Jaipur,P0007,Kurtas,Clothing,36818,O0126,4,3/13/2025,Pune,,,147273
C0002,Aditya Verma,30,Female,Jaipur,P0007,Kurtas,Clothing,36818,O0430,1,12/29/2024,Jaipur,,,36818
C0003,Krishna Reddy,20,Male,Mumbai,P0007,Kurtas,Clothing,36818,O0139,2,11/29/2024,Delhi,,,73637
C0003,Krishna Reddy,20,Male,Mumbai,P0007,Kurtas,Clothing,36818,O0265,2,5/17/2025,Ahmedabad,,,73637
C0007,Ananya Iyer,57,Female,Bangalore,P0007,Kurtas,Clothing,36818,O0261,1,1/10/2025,Delhi,,,36818
C0006,Kabir Nair,56,Male,Kolkata,P0007,Kurtas,Clothing,36818,O0251,2,1/4/2025,Ahmedabad,,,73637
C0006,Kabir Nair,56,Male,Kolkata,P0007,Kurtas,Clothing,36818,O0411,5,3/4/2025,Jaipur,,,184091
C0001,Vivaan Patel,53,Female,Bangalore,P0007,Kurtas,Clothing,36818,O0434,1,4/2/2025,Pune,4/26/2025,Other,36818
C0000,Aarav Sharma,43,Female,Kolkata,P0007,Kurtas,Clothing,36818,O0257,2,2/23/2025,Bangalore,,,73637
C0005,Rohan Mehta,51,Female,Bangalore,P0007,Kurtas,Clothing,36818,O0160,3,12/22/2024,Pune,,,110455
C0012,Aanya Agarwal,44,Female,Mumbai,P0007,Kurtas,Clothing,36818,O0062,1,3/19/2025,Jaipur,,,36818
C0019,Pooja Menon,46,Female,Pune,P0007,Kurtas,Clothing,36818,O0477,5,4/12/2025,Delhi,,,184091
C0019,Pooja Menon,46,Female,Pune,P0007,Kurtas,Clothing,36818,O0484,3,4/30/2025,Bangalore,,,110455
C0018,Kavya Rao,25,Male,Mumbai,P0007,Kurtas,Clothing,36818,O0136,5,12/27/2024,Kolkata,,,184091
C0018,Kavya Rao,25,Male,Mumbai,P0007,Kurtas,Clothing,36818,O0372,3,2/5/2025,Bangalore,,,110455
C0016,Tanvi Ghosh,51,Female,Bangalore,P0008,Suit,Clothing,3208,O0028,3,3/25/2025,Hyderabad,,,9624
C0016,Tanvi Ghosh,51,Female,Bangalore,P0008,Suit,Clothing,3208,O0100,4,5/8/2025,Delhi,,,12831
C0014,Priya Desai,59,Male,Mumbai,P0008,Suit,Clothing,3208,O0142,2,4/11/2025,Kolkata,,,6416
C0014,Priya Desai,59,Male,Mumbai,P0008,Suit,Clothing,3208,O0224,2,2/20/2025,Delhi,4/19/2025,Late Delivery,6416
C0014,Priya Desai,59,Male,Mumbai,P0008,Suit,Clothing,3208,O0248,3,5/20/2025,Lucknow,,,9624
C0011,Myra Bhatia,41,Female,Delhi,P0008,Suit,Clothing,3208,O0194,1,3/6/2025,Ahmedabad,,,3208
C0011,Myra Bhatia,41,Female,Delhi,P0008,Suit,Clothing,3208,O0211,5,12/26/2024,Bangalore,,,16039
C0011,Myra Bhatia,41,Female,Delhi,P0008,Suit,Clothing,3208,O0462,5,4/24/2025,Pune,,,16039
C0011,Myra Bhatia,41,Female,Delhi,P0008,Suit,Clothing,3208,O0464,5,12/14/2024,Ahmedabad,,,16039
C0015,Riya Chauhan,55,Female,Bangalore,P0008,Suit,Clothing,3208,O0420,3,12/10/2024,Delhi,,,9624
C0017,Sneha Pillai,33,Male,Lucknow,P0008,Suit,Clothing,3208,O0055,3,12/14/2024,Mumbai,3/10/2025,Wrong Item,9624
C0017,Sneha Pillai,33,Male,Lucknow,P0008,Suit,Clothing,3208,O0081,1,3/24/2025,Kolkata,,,3208
C0017,Sneha Pillai,33,Male,Lucknow,P0008,Suit,Clothing,3208,O0127,1,11/25/2024,Mumbai,,,3208
C0009,Ishita Shah,39,Female,Lucknow,P0008,Suit,Clothing,3208,O0149,3,12/4/2024,Chennai,,,9624
C0009,Ishita Shah,39,Female,Lucknow,P0008,Suit,Clothing,3208,O0161,1,12/15/2024,Kolkata,,,3208
C0009,Ishita Shah,39,Female,Lucknow,P0008,Suit,Clothing,3208,O0340,3,1/5/2025,Delhi,,,9624
C0009,Ishita Shah,39,Female,Lucknow,P0008,Suit,Clothing,3208,O0496,1,2/23/2025,Ahmedabad,,,3208
C0010,Saanvi Joshi,37,Female,Mumbai,P0008,Suit,Clothing,3208,O0007,3,5/15/2025,Jaipur,,,9624
C0010,Saanvi Joshi,37,Female,Mumbai,P0008,Suit,Clothing,3208,O0396,1,4/22/2025,Chennai,,,3208
C0008,Diya Kapoor,43,Female,Lucknow,P0008,Suit,Clothing,3208,O0108,4,2/5/2025,Ahmedabad,,,12831
C0008,Diya Kapoor,43,Female,Lucknow,P0008,Suit,Clothing,3208,O0159,2,12/16/2024,Delhi,12/22/2024,No Longer Needed,6416
C0004,Arjun Singh,26,Female,Ahmedabad,P0008,Suit,Clothing,3208,O0043,2,1/25/2025,Ahmedabad,3/17/2025,Wrong Item,6416
C0002,Aditya Verma,30,Female,Jaipur,P0008,Suit,Clothing,3208,O0089,3,1/30/2025,Delhi,,,9624
C0002,Aditya Verma,30,Female,Jaipur,P0008,Suit,Clothing,3208,O0305,4,3/21/2025,Jaipur,,,12831
C0002,Aditya Verma,30,Female,Jaipur,P0008,Suit,Clothing,3208,O0317,3,4/15/2025,Chennai,,,9624
C0003,Krishna Reddy,20,Male,Mumbai,P0008,Suit,Clothing,3208,O0297,5,1/7/2025,Lucknow,,,16039
C0003,Krishna Reddy,20,Male,Mumbai,P0008,Suit,Clothing,3208,O0347,1,5/18/2025,Bangalore,5/18/2025,Defective,3208
C0003,Krishna Reddy,20,Male,Mumbai,P0008,Suit,Clothing,3208,O0480,1,2/28/2025,Kolkata,5/19/2025,Late Delivery,3208
C0007,Ananya Iyer,57,Female,Bangalore,P0008,Suit,Clothing,3208,O0068,3,5/17/2025,Bangalore,,,9624
C0007,Ananya Iyer,57,Female,Bangalore,P0008,Suit,Clothing,3208,O0107,5,4/18/2025,Kolkata,,,16039
C0013,Meera Nanda,56,Female,Chennai,P0008,Suit,Clothing,3208,O0054,5,12/16/2024,Mumbai,,,16039
C0013,Meera Nanda,56,Female,Chennai,P0008,Suit,Clothing,3208,O0151,5,2/25/2025,Jaipur,,,16039
C0013,Meera Nanda,56,Female,Chennai,P0008,Suit,Clothing,3208,O0327,1,1/1/2025,Bangalore,,,3208
C0013,Meera Nanda,56,Female,Chennai,P0008,Suit,Clothing,3208,O0400,4,1/23/2025,Kolkata,,,12831
C0006,Kabir Nair,56,Male,Kolkata,P0008,Suit,Clothing,3208,O0168,3,2/6/2025,Bangalore,,,9624
C0006,Kabir Nair,56,Male,Kolkata,P0008,Suit,Clothing,3208,O0376,5,12/27/2024,Chennai,,,16039
C0006,Kabir Nair,56,Male,Kolkata,P0008,Suit,Clothing,3208,O0476,3,4/4/2025,Jaipur,,,9624
C0001,Vivaan Patel,53,Female,Bangalore,P0008,Suit,Clothing,3208,O0053,2,2/17/2025,Jaipur,,,6416
C0001,Vivaan Patel,53,Female,Bangalore,P0008,Suit,Clothing,3208,O0072,5,12/24/2024,Mumbai,,,16039
C0001,Vivaan Patel,53,Female,Bangalore,P0008,Suit,Clothing,3208,O0368,5,12/8/2024,Kolkata,,,16039
C0000,Aarav Sharma,43,Female,Kolkata,P0008,Suit,Clothing,3208,O0221,2,2/22/2025,Hyderabad,4/25/2025,No Longer Needed,6416
C0005,Rohan Mehta,51,Female,Bangalore,P0008,Suit,Clothing,3208,O0300,3,2/22/2025,Jaipur,,,9624
C0005,Rohan Mehta,51,Female,Bangalore,P0008,Suit,Clothing,3208,O0377,1,2/14/2025,Delhi,,,3208
C0005,Rohan Mehta,51,Female,Bangalore,P0008,Suit,Clothing,3208,O0465,5,1/7/2025,Jaipur,,,16039
C0012,Aanya Agarwal,44,Female,Mumbai,P0008,Suit,Clothing,3208,O0124,5,3/21/2025,Hyderabad,,,16039
C0012,Aanya Agarwal,44,Female,Mumbai,P0008,Suit,Clothing,3208,O0244,2,11/27/2024,Lucknow,,,6416
C0012,Aanya Agarwal,44,Female,Mumbai,P0008,Suit,Clothing,3208,O0399,4,3/22/2025,Bangalore,,,12831
C0019,Pooja Menon,46,Female,Pune,P0008,Suit,Clothing,3208,O0116,4,1/18/2025,Mumbai,,,12831
C0016,Tanvi Ghosh,51,Female,Bangalore,P0006,Denims,Clothing,43654,O0033,1,3/14/2025,Pune,,,43654
C0014,Priya Desai,59,Male,Mumbai,P0006,Denims,Clothing,43654,O0115,1,3/22/2025,Lucknow,,,43654
C0014,Priya Desai,59,Male,Mumbai,P0006,Denims,Clothing,43654,O0166,4,3/1/2025,Lucknow,3/31/2025,Wrong Item,174614
C0014,Priya Desai,59,Male,Mumbai,P0006,Denims,Clothing,43654,O0188,4,3/4/2025,Ahmedabad,4/4/2025,No Longer Needed,174614
C0014,Priya Desai,59,Male,Mumbai,P0006,Denims,Clothing,43654,O0195,1,4/26/2025,Chennai,5/3/2025,Defective,43654
C0014,Priya Desai,59,Male,Mumbai,P0006,Denims,Clothing,43654,O0321,5,3/7/2025,Ahmedabad,5/5/2025,Defective,218268
C0014,Priya Desai,59,Male,Mumbai,P0006,Denims,Clothing,43654,O0338,4,3/10/2025,Delhi,4/3/2025,Late Delivery,174614
C0011,Myra Bhatia,41,Female,Delhi,P0006,Denims,Clothing,43654,O0395,2,12/22/2024,Delhi,,,87307
C0011,Myra Bhatia,41,Female,Delhi,P0006,Denims,Clothing,43654,O0466,2,2/16/2025,Chennai,5/20/2025,No Longer Needed,87307
C0015,Riya Chauhan,55,Female,Bangalore,P0006,Denims,Clothing,43654,O0101,2,12/13/2024,Kolkata,,,87307
C0015,Riya Chauhan,55,Female,Bangalore,P0006,Denims,Clothing,43654,O0254,1,1/20/2025,Mumbai,,,43654
C0017,Sneha Pillai,33,Male,Lucknow,P0006,Denims,Clothing,43654,O0339,2,5/18/2025,Ahmedabad,,,87307
C0010,Saanvi Joshi,37,Female,Mumbai,P0006,Denims,Clothing,43654,O0495,3,3/15/2025,Lucknow,,,130961
C0008,Diya Kapoor,43,Female,Lucknow,P0006,Denims,Clothing,43654,O0233,1,1/20/2025,Ahmedabad,3/12/2025,Wrong Item,43654
C0008,Diya Kapoor,43,Female,Lucknow,P0006,Denims,Clothing,43654,O0252,3,4/20/2025,Kolkata,4/29/2025,Wrong Item,130961
C0008,Diya Kapoor,43,Female,Lucknow,P0006,Denims,Clothing,43654,O0436,1,3/11/2025,Delhi,4/6/2025,Other,43654
C0004,Arjun Singh,26,Female,Ahmedabad,P0006,Denims,Clothing,43654,O0192,3,1/12/2025,Kolkata,2/4/2025,Wrong Item,130961
C0004,Arjun Singh,26,Female,Ahmedabad,P0006,Denims,Clothing,43654,O0213,1,3/5/2025,Hyderabad,,,43654
C0002,Aditya Verma,30,Female,Jaipur,P0006,Denims,Clothing,43654,O0011,4,4/11/2025,Chennai,4/29/2025,Late Delivery,174614
C0002,Aditya Verma,30,Female,Jaipur,P0006,Denims,Clothing,43654,O0153,5,2/14/2025,Delhi,3/7/2025,Defective,218268
C0002,Aditya Verma,30,Female,Jaipur,P0006,Denims,Clothing,43654,O0384,4,3/22/2025,Lucknow,5/15/2025,Wrong Item,174614
C0002,Aditya Verma,30,Female,Jaipur,P0006,Denims,Clothing,43654,O0405,2,3/29/2025,Pune,,,87307
C0002,Aditya Verma,30,Female,Jaipur,P0006,Denims,Clothing,43654,O0407,5,2/2/2025,Lucknow,,,218268
C0003,Krishna Reddy,20,Male,Mumbai,P0006,Denims,Clothing,43654,O0026,3,1/11/2025,Ahmedabad,,,130961
C0003,Krishna Reddy,20,Male,Mumbai,P0006,Denims,Clothing,43654,O0029,2,3/7/2025,Ahmedabad,,,87307
C0003,Krishna Reddy,20,Male,Mumbai,P0006,Denims,Clothing,43654,O0385,3,1/22/2025,Kolkata,,,130961
C0013,Meera Nanda,56,Female,Chennai,P0006,Denims,Clothing,43654,O0061,4,5/13/2025,Ahmedabad,5/15/2025,Other,174614
C0013,Meera Nanda,56,Female,Chennai,P0006,Denims,Clothing,43654,O0275,2,3/8/2025,Hyderabad,,,87307
C0013,Meera Nanda,56,Female,Chennai,P0006,Denims,Clothing,43654,O0285,5,3/10/2025,Bangalore,,,218268
C0001,Vivaan Patel,53,Female,Bangalore,P0006,Denims,Clothing,43654,O0181,5,3/1/2025,Lucknow,5/6/2025,Late Delivery,218268
C0001,Vivaan Patel,53,Female,Bangalore,P0006,Denims,Clothing,43654,O0415,1,2/3/2025,Pune,,,43654
C0000,Aarav Sharma,43,Female,Kolkata,P0006,Denims,Clothing,43654,O0303,4,3/8/2025,Chennai,,,174614
C0000,Aarav Sharma,43,Female,Kolkata,P0006,Denims,Clothing,43654,O0319,2,3/12/2025,Chennai,5/10/2025,Late Delivery,87307
C0000,Aarav Sharma,43,Female,Kolkata,P0006,Denims,Clothing,43654,O0404,3,12/17/2024,Delhi,,,130961
C0005,Rohan Mehta,51,Female,Bangalore,P0006,Denims,Clothing,43654,O0133,1,5/2/2025,Hyderabad,,,43654
C0005,Rohan Mehta,51,Female,Bangalore,P0006,Denims,Clothing,43654,O0199,5,5/8/2025,Pune,,,218268
C0005,Rohan Mehta,51,Female,Bangalore,P0006,Denims,Clothing,43654,O0239,3,4/15/2025,Chennai,4/22/2025,Late Delivery,130961
C0005,Rohan Mehta,51,Female,Bangalore,P0006,Denims,Clothing,43654,O0307,2,3/24/2025,Chennai,,,87307
C0005,Rohan Mehta,51,Female,Bangalore,P0006,Denims,Clothing,43654,O0356,2,1/25/2025,Bangalore,,,87307
C0012,Aanya Agarwal,44,Female,Mumbai,P0006,Denims,Clothing,43654,O0141,1,4/26/2025,Chennai,,,43654
C0012,Aanya Agarwal,44,Female,Mumbai,P0006,Denims,Clothing,43654,O0169,3,12/19/2024,Ahmedabad,,,130961
C0012,Aanya Agarwal,44,Female,Mumbai,P0006,Denims,Clothing,43654,O0422,2,1/30/2025,Ahmedabad,,,87307
C0012,Aanya Agarwal,44,Female,Mumbai,P0006,Denims,Clothing,43654,O0448,2,11/23/2024,Mumbai,,,87307
C0012,Aanya Agarwal,44,Female,Mumbai,P0006,Denims,Clothing,43654,O0475,4,2/13/2025,Chennai,,,174614
C0019,Pooja Menon,46,Female,Pune,P0006,Denims,Clothing,43654,O0044,4,3/16/2025,Jaipur,3/31/2025,Late Delivery,174614
C0019,Pooja Menon,46,Female,Pune,P0006,Denims,Clothing,43654,O0392,5,11/29/2024,Hyderabad,,,218268
C0016,Tanvi Ghosh,51,Female,Bangalore,P0012,Curtains,Home Goods,33145,O0047,3,4/24/2025,Delhi,,,99435
C0016,Tanvi Ghosh,51,Female,Bangalore,P0012,Curtains,Home Goods,33145,O0138,3,4/15/2025,Mumbai,,,99435
C0016,Tanvi Ghosh,51,Female,Bangalore,P0012,Curtains,Home Goods,33145,O0180,4,1/17/2025,Jaipur,,,132580
C0016,Tanvi Ghosh,51,Female,Bangalore,P0012,Curtains,Home Goods,33145,O0247,3,3/14/2025,Kolkata,,,99435
C0016,Tanvi Ghosh,51,Female,Bangalore,P0012,Curtains,Home Goods,33145,O0301,3,2/17/2025,Bangalore,4/5/2025,Late Delivery,99435
C0014,Priya Desai,59,Male,Mumbai,P0012,Curtains,Home Goods,33145,O0174,2,1/2/2025,Ahmedabad,,,66290
C0011,Myra Bhatia,41,Female,Delhi,P0012,Curtains,Home Goods,33145,O0058,1,12/9/2024,Jaipur,,,33145
C0011,Myra Bhatia,41,Female,Delhi,P0012,Curtains,Home Goods,33145,O0235,5,1/19/2025,Pune,,,165726
C0011,Myra Bhatia,41,Female,Delhi,P0012,Curtains,Home Goods,33145,O0271,2,3/15/2025,Bangalore,,,66290
C0011,Myra Bhatia,41,Female,Delhi,P0012,Curtains,Home Goods,33145,O0461,2,12/18/2024,Chennai,,,66290
C0015,Riya Chauhan,55,Female,Bangalore,P0012,Curtains,Home Goods,33145,O0408,1,11/21/2024,Pune,2/14/2025,Late Delivery,33145
C0015,Riya Chauhan,55,Female,Bangalore,P0012,Curtains,Home Goods,33145,O0451,1,1/8/2025,Hyderabad,,,33145
C0017,Sneha Pillai,33,Male,Lucknow,P0012,Curtains,Home Goods,33145,O0022,1,1/23/2025,Bangalore,,,33145
C0017,Sneha Pillai,33,Male,Lucknow,P0012,Curtains,Home Goods,33145,O0090,2,2/10/2025,Mumbai,,,66290
C0017,Sneha Pillai,33,Male,Lucknow,P0012,Curtains,Home Goods,33145,O0312,4,1/28/2025,Hyderabad,3/27/2025,Defective,132580
C0017,Sneha Pillai,33,Male,Lucknow,P0012,Curtains,Home Goods,33145,O0371,1,4/22/2025,Hyderabad,,,33145
C0009,Ishita Shah,39,Female,Lucknow,P0012,Curtains,Home Goods,33145,O0006,2,12/16/2024,Ahmedabad,,,66290
C0009,Ishita Shah,39,Female,Lucknow,P0012,Curtains,Home Goods,33145,O0041,1,3/23/2025,Chennai,,,33145
C0009,Ishita Shah,39,Female,Lucknow,P0012,Curtains,Home Goods,33145,O0175,1,11/30/2024,Pune,,,33145
C0009,Ishita Shah,39,Female,Lucknow,P0012,Curtains,Home Goods,33145,O0278,1,1/8/2025,Chennai,,,33145
C0009,Ishita Shah,39,Female,Lucknow,P0012,Curtains,Home Goods,33145,O0295,4,1/8/2025,Hyderabad,1/22/2025,Defective,132580
C0009,Ishita Shah,39,Female,Lucknow,P0012,Curtains,Home Goods,33145,O0474,3,1/28/2025,Pune,,,99435
C0010,Saanvi Joshi,37,Female,Mumbai,P0012,Curtains,Home Goods,33145,O0017,4,5/10/2025,Delhi,,,132580
C0010,Saanvi Joshi,37,Female,Mumbai,P0012,Curtains,Home Goods,33145,O0381,2,1/30/2025,Kolkata,,,66290
C0010,Saanvi Joshi,37,Female,Mumbai,P0012,Curtains,Home Goods,33145,O0394,1,3/10/2025,Hyderabad,,,33145
C0010,Saanvi Joshi,37,Female,Mumbai,P0012,Curtains,Home Goods,33145,O0488,2,5/6/2025,Jaipur,5/19/2025,Other,66290
C0008,Diya Kapoor,43,Female,Lucknow,P0012,Curtains,Home Goods,33145,O0030,2,1/31/2025,Mumbai,,,66290
C0008,Diya Kapoor,43,Female,Lucknow,P0012,Curtains,Home Goods,33145,O0205,1,3/15/2025,Lucknow,,,33145
C0008,Diya Kapoor,43,Female,Lucknow,P0012,Curtains,Home Goods,33145,O0453,4,2/19/2025,Lucknow,,,132580
C0008,Diya Kapoor,43,Female,Lucknow,P0012,Curtains,Home Goods,33145,O0492,5,4/1/2025,Bangalore,,,165726
C0004,Arjun Singh,26,Female,Ahmedabad,P0012,Curtains,Home Goods,33145,O0065,2,12/1/2024,Mumbai,,,66290
C0004,Arjun Singh,26,Female,Ahmedabad,P0012,Curtains,Home Goods,33145,O0110,5,2/10/2025,Ahmedabad,,,165726
C0004,Arjun Singh,26,Female,Ahmedabad,P0012,Curtains,Home Goods,33145,O0147,4,4/12/2025,Kolkata,,,132580
C0004,Arjun Singh,26,Female,Ahmedabad,P0012,Curtains,Home Goods,33145,O0242,2,4/1/2025,Hyderabad,,,66290
C0004,Arjun Singh,26,Female,Ahmedabad,P0012,Curtains,Home Goods,33145,O0243,3,1/7/2025,Hyderabad,3/21/2025,Wrong Item,99435
C0002,Aditya Verma,30,Female,Jaipur,P0012,Curtains,Home Goods,33145,O0156,5,1/10/2025,Hyderabad,5/21/2025,No Longer Needed,165726
C0002,Aditya Verma,30,Female,Jaipur,P0012,Curtains,Home Goods,33145,O0343,2,4/6/2025,Kolkata,,,66290
C0007,Ananya Iyer,57,Female,Bangalore,P0012,Curtains,Home Goods,33145,O0073,1,12/21/2024,Pune,1/29/2025,Defective,33145
C0007,Ananya Iyer,57,Female,Bangalore,P0012,Curtains,Home Goods,33145,O0076,5,4/2/2025,Kolkata,5/21/2025,No Longer Needed,165726
C0007,Ananya Iyer,57,Female,Bangalore,P0012,Curtains,Home Goods,33145,O0096,5,3/25/2025,Hyderabad,,,165726
C0007,Ananya Iyer,57,Female,Bangalore,P0012,Curtains,Home Goods,33145,O0103,2,1/14/2025,Mumbai,4/29/2025,Other,66290
C0013,Meera Nanda,56,Female,Chennai,P0012,Curtains,Home Goods,33145,O0290,4,12/25/2024,Delhi,,,132580
C0013,Meera Nanda,56,Female,Chennai,P0012,Curtains,Home Goods,33145,O0455,4,3/20/2025,Jaipur,3/31/2025,Wrong Item,132580
C0006,Kabir Nair,56,Male,Kolkata,P0012,Curtains,Home Goods,33145,O0095,1,11/26/2024,Ahmedabad,,,33145
C0006,Kabir Nair,56,Male,Kolkata,P0012,Curtains,Home Goods,33145,O0280,4,1/1/2025,Chennai,,,132580
C0006,Kabir Nair,56,Male,Kolkata,P0012,Curtains,Home Goods,33145,O0322,5,1/10/2025,Hyderabad,,,165726
C0001,Vivaan Patel,53,Female,Bangalore,P0012,Curtains,Home Goods,33145,O0196,1,12/25/2024,Mumbai,1/13/2025,Defective,33145
C0000,Aarav Sharma,43,Female,Kolkata,P0012,Curtains,Home Goods,33145,O0202,5,2/24/2025,Hyderabad,,,165726
C0000,Aarav Sharma,43,Female,Kolkata,P0012,Curtains,Home Goods,33145,O0204,2,5/10/2025,Hyderabad,,,66290
C0000,Aarav Sharma,43,Female,Kolkata,P0012,Curtains,Home Goods,33145,O0249,1,12/29/2024,Ahmedabad,,,33145
C0000,Aarav Sharma,43,Female,Kolkata,P0012,Curtains,Home Goods,33145,O0299,2,12/11/2024,Mumbai,,,66290
C0000,Aarav Sharma,43,Female,Kolkata,P0012,Curtains,Home Goods,33145,O0439,5,3/5/2025,Lucknow,,,165726
C0005,Rohan Mehta,51,Female,Bangalore,P0012,Curtains,Home Goods,33145,O0109,3,5/18/2025,Bangalore,5/21/2025,Defective,99435
C0005,Rohan Mehta,51,Female,Bangalore,P0012,Curtains,Home Goods,33145,O0390,1,1/14/2025,Lucknow,,,33145
C0005,Rohan Mehta,51,Female,Bangalore,P0012,Curtains,Home Goods,33145,O0406,1,5/12/2025,Jaipur,,,33145
C0012,Aanya Agarwal,44,Female,Mumbai,P0012,Curtains,Home Goods,33145,O0137,2,2/20/2025,Delhi,,,66290
C0018,Kavya Rao,25,Male,Mumbai,P0012,Curtains,Home Goods,33145,O0189,5,2/2/2025,Bangalore,,,165726
C0018,Kavya Rao,25,Male,Mumbai,P0012,Curtains,Home Goods,33145,O0274,4,3/27/2025,Kolkata,,,132580
C0016,Tanvi Ghosh,51,Female,Bangalore,P0004,Smart TV,Electronics,38771,O0049,5,1/9/2025,Jaipur,,,193856
C0016,Tanvi Ghosh,51,Female,Bangalore,P0004,Smart TV,Electronics,38771,O0293,2,3/8/2025,Jaipur,5/7/2025,Wrong Item,77542
C0014,Priya Desai,59,Male,Mumbai,P0004,Smart TV,Electronics,38771,O0074,5,1/5/2025,Hyderabad,,,193856
C0014,Priya Desai,59,Male,Mumbai,P0004,Smart TV,Electronics,38771,O0193,5,5/1/2025,Ahmedabad,,,193856
C0014,Priya Desai,59,Male,Mumbai,P0004,Smart TV,Electronics,38771,O0200,4,12/18/2024,Bangalore,,,155084
C0011,Myra Bhatia,41,Female,Delhi,P0004,Smart TV,Electronics,38771,O0388,5,4/2/2025,Bangalore,,,193856
C0011,Myra Bhatia,41,Female,Delhi,P0004,Smart TV,Electronics,38771,O0494,3,1/10/2025,Pune,5/2/2025,Wrong Item,116313
C0015,Riya Chauhan,55,Female,Bangalore,P0004,Smart TV,Electronics,38771,O0004,2,12/5/2024,Chennai,,,77542
C0015,Riya Chauhan,55,Female,Bangalore,P0004,Smart TV,Electronics,38771,O0012,2,3/18/2025,Jaipur,,,77542
C0017,Sneha Pillai,33,Male,Lucknow,P0004,Smart TV,Electronics,38771,O0093,4,4/8/2025,Hyderabad,,,155084
C0017,Sneha Pillai,33,Male,Lucknow,P0004,Smart TV,Electronics,38771,O0231,4,2/11/2025,Delhi,5/11/2025,No Longer Needed,155084
C0010,Saanvi Joshi,37,Female,Mumbai,P0004,Smart TV,Electronics,38771,O0035,1,1/17/2025,Chennai,,,38771
C0010,Saanvi Joshi,37,Female,Mumbai,P0004,Smart TV,Electronics,38771,O0106,4,3/6/2025,Lucknow,,,155084
C0010,Saanvi Joshi,37,Female,Mumbai,P0004,Smart TV,Electronics,38771,O0207,4,12/19/2024,Delhi,1/1/2025,No Longer Needed,155084
C0010,Saanvi Joshi,37,Female,Mumbai,P0004,Smart TV,Electronics,38771,O0313,4,5/10/2025,Kolkata,,,155084
C0008,Diya Kapoor,43,Female,Lucknow,P0004,Smart TV,Electronics,38771,O0069,1,4/16/2025,Mumbai,4/24/2025,Wrong Item,38771
C0008,Diya Kapoor,43,Female,Lucknow,P0004,Smart TV,Electronics,38771,O0162,4,2/22/2025,Lucknow,3/8/2025,Defective,155084
C0008,Diya Kapoor,43,Female,Lucknow,P0004,Smart TV,Electronics,38771,O0186,5,11/30/2024,Jaipur,,,193856
C0008,Diya Kapoor,43,Female,Lucknow,P0004,Smart TV,Electronics,38771,O0424,3,12/27/2024,Lucknow,,,116313
C0004,Arjun Singh,26,Female,Ahmedabad,P0004,Smart TV,Electronics,38771,O0333,3,3/25/2025,Chennai,,,116313
C0004,Arjun Singh,26,Female,Ahmedabad,P0004,Smart TV,Electronics,38771,O0349,4,1/15/2025,Kolkata,,,155084
C0002,Aditya Verma,30,Female,Jaipur,P0004,Smart TV,Electronics,38771,O0266,4,12/31/2024,Delhi,,,155084
C0002,Aditya Verma,30,Female,Jaipur,P0004,Smart TV,Electronics,38771,O0454,4,12/12/2024,Hyderabad,,,155084
C0003,Krishna Reddy,20,Male,Mumbai,P0004,Smart TV,Electronics,38771,O0234,2,1/6/2025,Lucknow,,,77542
C0003,Krishna Reddy,20,Male,Mumbai,P0004,Smart TV,Electronics,38771,O0282,4,2/13/2025,Lucknow,,,155084
C0003,Krishna Reddy,20,Male,Mumbai,P0004,Smart TV,Electronics,38771,O0326,5,4/27/2025,Hyderabad,,,193856
C0013,Meera Nanda,56,Female,Chennai,P0004,Smart TV,Electronics,38771,O0362,5,11/27/2024,Hyderabad,,,193856
C0006,Kabir Nair,56,Male,Kolkata,P0004,Smart TV,Electronics,38771,O0397,1,5/8/2025,Kolkata,,,38771
C0001,Vivaan Patel,53,Female,Bangalore,P0004,Smart TV,Electronics,38771,O0130,2,3/1/2025,Lucknow,,,77542
C0001,Vivaan Patel,53,Female,Bangalore,P0004,Smart TV,Electronics,38771,O0281,4,5/13/2025,Pune,,,155084
C0001,Vivaan Patel,53,Female,Bangalore,P0004,Smart TV,Electronics,38771,O0296,1,2/13/2025,Pune,5/5/2025,Late Delivery,38771
C0001,Vivaan Patel,53,Female,Bangalore,P0004,Smart TV,Electronics,38771,O0342,3,12/28/2024,Bangalore,,,116313
C0001,Vivaan Patel,53,Female,Bangalore,P0004,Smart TV,Electronics,38771,O0378,5,12/26/2024,Hyderabad,,,193856
C0000,Aarav Sharma,43,Female,Kolkata,P0004,Smart TV,Electronics,38771,O0262,4,12/28/2024,Delhi,3/11/2025,Other,155084
C0000,Aarav Sharma,43,Female,Kolkata,P0004,Smart TV,Electronics,38771,O0473,3,1/23/2025,Lucknow,2/19/2025,Other,116313
C0005,Rohan Mehta,51,Female,Bangalore,P0004,Smart TV,Electronics,38771,O0373,5,1/24/2025,Kolkata,,,193856
C0005,Rohan Mehta,51,Female,Bangalore,P0004,Smart TV,Electronics,38771,O0433,2,1/10/2025,Bangalore,,,77542
C0005,Rohan Mehta,51,Female,Bangalore,P0004,Smart TV,Electronics,38771,O0459,2,2/13/2025,Mumbai,,,77542
C0012,Aanya Agarwal,44,Female,Mumbai,P0004,Smart TV,Electronics,38771,O0036,4,5/1/2025,Chennai,5/7/2025,No Longer Needed,155084
C0012,Aanya Agarwal,44,Female,Mumbai,P0004,Smart TV,Electronics,38771,O0097,5,1/24/2025,Kolkata,,,193856
C0019,Pooja Menon,46,Female,Pune,P0004,Smart TV,Electronics,38771,O0163,4,1/12/2025,Delhi,,,155084
C0019,Pooja Menon,46,Female,Pune,P0004,Smart TV,Electronics,38771,O0367,1,1/12/2025,Chennai,3/1/2025,Wrong Item,38771
C0018,Kavya Rao,25,Male,Mumbai,P0004,Smart TV,Electronics,38771,O0170,3,1/22/2025,Pune,3/9/2025,Defective,116313
C0018,Kavya Rao,25,Male,Mumbai,P0004,Smart TV,Electronics,38771,O0172,5,4/18/2025,Jaipur,,,193856
C0018,Kavya Rao,25,Male,Mumbai,P0004,Smart TV,Electronics,38771,O0369,2,11/25/2024,Delhi,,,77542
C0018,Kavya Rao,25,Male,Mumbai,P0004,Smart TV,Electronics,38771,O0429,4,4/11/2025,Chennai,,,155084
C0016,Tanvi Ghosh,51,Female,Bangalore,P0003,Headphones,Electronics,20578,O0121,2,5/19/2025,Hyderabad,,,41156
C0014,Priya Desai,59,Male,Mumbai,P0003,Headphones,Electronics,20578,O0352,1,1/12/2025,Kolkata,,,20578
C0011,Myra Bhatia,41,Female,Delhi,P0003,Headphones,Electronics,20578,O0302,3,12/16/2024,Delhi,,,61733
C0015,Riya Chauhan,55,Female,Bangalore,P0003,Headphones,Electronics,20578,O0024,3,4/2/2025,Mumbai,,,61733
C0015,Riya Chauhan,55,Female,Bangalore,P0003,Headphones,Electronics,20578,O0176,3,1/9/2025,Hyderabad,,,61733
C0009,Ishita Shah,39,Female,Lucknow,P0003,Headphones,Electronics,20578,O0040,4,1/22/2025,Jaipur,,,82311
C0009,Ishita Shah,39,Female,Lucknow,P0003,Headphones,Electronics,20578,O0078,5,12/16/2024,Hyderabad,,,102889
C0009,Ishita Shah,39,Female,Lucknow,P0003,Headphones,Electronics,20578,O0135,5,12/25/2024,Hyderabad,,,102889
C0009,Ishita Shah,39,Female,Lucknow,P0003,Headphones,Electronics,20578,O0219,2,1/19/2025,Kolkata,,,41156
C0009,Ishita Shah,39,Female,Lucknow,P0003,Headphones,Electronics,20578,O0227,4,1/16/2025,Lucknow,,,82311
C0009,Ishita Shah,39,Female,Lucknow,P0003,Headphones,Electronics,20578,O0258,3,1/27/2025,Delhi,,,61733
C0009,Ishita Shah,39,Female,Lucknow,P0003,Headphones,Electronics,20578,O0268,4,4/10/2025,Bangalore,,,82311
C0009,Ishita Shah,39,Female,Lucknow,P0003,Headphones,Electronics,20578,O0490,5,2/18/2025,Bangalore,,,102889
C0010,Saanvi Joshi,37,Female,Mumbai,P0003,Headphones,Electronics,20578,O0284,4,3/15/2025,Lucknow,,,82311
C0010,Saanvi Joshi,37,Female,Mumbai,P0003,Headphones,Electronics,20578,O0387,5,1/6/2025,Lucknow,,,102889
C0008,Diya Kapoor,43,Female,Lucknow,P0003,Headphones,Electronics,20578,O0345,1,12/12/2024,Pune,,,20578
C0008,Diya Kapoor,43,Female,Lucknow,P0003,Headphones,Electronics,20578,O0366,1,2/7/2025,Kolkata,3/11/2025,Defective,20578
C0004,Arjun Singh,26,Female,Ahmedabad,P0003,Headphones,Electronics,20578,O0050,3,3/24/2025,Jaipur,,,61733
C0004,Arjun Singh,26,Female,Ahmedabad,P0003,Headphones,Electronics,20578,O0386,4,12/1/2024,Ahmedabad,,,82311
C0004,Arjun Singh,26,Female,Ahmedabad,P0003,Headphones,Electronics,20578,O0441,5,1/19/2025,Lucknow,,,102889
C0002,Aditya Verma,30,Female,Jaipur,P0003,Headphones,Electronics,20578,O0341,3,5/17/2025,Lucknow,5/20/2025,No Longer Needed,61733
C0003,Krishna Reddy,20,Male,Mumbai,P0003,Headphones,Electronics,20578,O0034,2,1/30/2025,Ahmedabad,,,41156
C0003,Krishna Reddy,20,Male,Mumbai,P0003,Headphones,Electronics,20578,O0150,1,11/26/2024,Bangalore,,,20578
C0003,Krishna Reddy,20,Male,Mumbai,P0003,Headphones,Electronics,20578,O0256,4,3/23/2025,Ahmedabad,,,82311
C0013,Meera Nanda,56,Female,Chennai,P0003,Headphones,Electronics,20578,O0023,1,4/1/2025,Pune,,,20578
C0013,Meera Nanda,56,Female,Chennai,P0003,Headphones,Electronics,20578,O0083,3,1/21/2025,Pune,,,61733
C0013,Meera Nanda,56,Female,Chennai,P0003,Headphones,Electronics,20578,O0113,2,4/6/2025,Delhi,4/15/2025,No Longer Needed,41156
C0013,Meera Nanda,56,Female,Chennai,P0003,Headphones,Electronics,20578,O0120,1,11/28/2024,Delhi,,,20578
C0013,Meera Nanda,56,Female,Chennai,P0003,Headphones,Electronics,20578,O0217,4,1/16/2025,Jaipur,,,82311
C0006,Kabir Nair,56,Male,Kolkata,P0003,Headphones,Electronics,20578,O0336,5,12/22/2024,Delhi,,,102889
C0001,Vivaan Patel,53,Female,Bangalore,P0003,Headphones,Electronics,20578,O0075,5,1/6/2025,Chennai,5/17/2025,Late Delivery,102889
C0001,Vivaan Patel,53,Female,Bangalore,P0003,Headphones,Electronics,20578,O0425,1,4/7/2025,Delhi,,,20578
C0001,Vivaan Patel,53,Female,Bangalore,P0003,Headphones,Electronics,20578,O0468,5,2/21/2025,Hyderabad,,,102889
C0005,Rohan Mehta,51,Female,Bangalore,P0003,Headphones,Electronics,20578,O0158,3,4/21/2025,Chennai,,,61733
C0012,Aanya Agarwal,44,Female,Mumbai,P0003,Headphones,Electronics,20578,O0311,2,5/6/2025,Mumbai,,,41156
C0019,Pooja Menon,46,Female,Pune,P0003,Headphones,Electronics,20578,O0216,5,5/3/2025,Pune,,,102889
C0018,Kavya Rao,25,Male,Mumbai,P0003,Headphones,Electronics,20578,O0134,4,11/28/2024,Delhi,12/3/2024,Other,82311
C0016,Tanvi Ghosh,51,Female,Bangalore,P0002,Laptop,Electronics,34556,O0304,3,12/7/2024,Lucknow,,,103668
C0016,Tanvi Ghosh,51,Female,Bangalore,P0002,Laptop,Electronics,34556,O0499,4,5/18/2025,Jaipur,5/21/2025,Other,138224
C0014,Priya Desai,59,Male,Mumbai,P0002,Laptop,Electronics,34556,O0051,2,11/30/2024,Lucknow,,,69112
C0014,Priya Desai,59,Male,Mumbai,P0002,Laptop,Electronics,34556,O0246,1,11/30/2024,Pune,,,34556
C0014,Priya Desai,59,Male,Mumbai,P0002,Laptop,Electronics,34556,O0403,1,12/27/2024,Chennai,12/27/2024,Other,34556
C0011,Myra Bhatia,41,Female,Delhi,P0002,Laptop,Electronics,34556,O0148,1,12/3/2024,Mumbai,,,34556
C0011,Myra Bhatia,41,Female,Delhi,P0002,Laptop,Electronics,34556,O0250,5,12/29/2024,Pune,,,172780
C0015,Riya Chauhan,55,Female,Bangalore,P0002,Laptop,Electronics,34556,O0052,5,3/1/2025,Ahmedabad,,,172780
C0015,Riya Chauhan,55,Female,Bangalore,P0002,Laptop,Electronics,34556,O0286,1,2/8/2025,Lucknow,,,34556
C0015,Riya Chauhan,55,Female,Bangalore,P0002,Laptop,Electronics,34556,O0419,3,5/17/2025,Pune,,,103668
C0009,Ishita Shah,39,Female,Lucknow,P0002,Laptop,Electronics,34556,O0214,2,2/18/2025,Kolkata,,,69112
C0009,Ishita Shah,39,Female,Lucknow,P0002,Laptop,Electronics,34556,O0491,4,2/22/2025,Bangalore,,,138224
C0010,Saanvi Joshi,37,Female,Mumbai,P0002,Laptop,Electronics,34556,O0318,5,11/25/2024,Ahmedabad,,,172780
C0008,Diya Kapoor,43,Female,Lucknow,P0002,Laptop,Electronics,34556,O0292,3,4/26/2025,Delhi,5/7/2025,No Longer Needed,103668
C0008,Diya Kapoor,43,Female,Lucknow,P0002,Laptop,Electronics,34556,O0314,5,12/25/2024,Kolkata,,,172780
C0008,Diya Kapoor,43,Female,Lucknow,P0002,Laptop,Electronics,34556,O0328,1,3/16/2025,Hyderabad,,,34556
C0008,Diya Kapoor,43,Female,Lucknow,P0002,Laptop,Electronics,34556,O0398,1,5/18/2025,Mumbai,,,34556
C0004,Arjun Singh,26,Female,Ahmedabad,P0002,Laptop,Electronics,34556,O0269,5,4/29/2025,Lucknow,,,172780
C0004,Arjun Singh,26,Female,Ahmedabad,P0002,Laptop,Electronics,34556,O0337,2,12/4/2024,Ahmedabad,,,69112
C0004,Arjun Singh,26,Female,Ahmedabad,P0002,Laptop,Electronics,34556,O0383,5,3/31/2025,Kolkata,4/30/2025,Late Delivery,172780
C0004,Arjun Singh,26,Female,Ahmedabad,P0002,Laptop,Electronics,34556,O0432,4,4/1/2025,Bangalore,,,138224
C0002,Aditya Verma,30,Female,Jaipur,P0002,Laptop,Electronics,34556,O0182,2,5/6/2025,Kolkata,,,69112
C0002,Aditya Verma,30,Female,Jaipur,P0002,Laptop,Electronics,34556,O0273,2,1/19/2025,Delhi,,,69112
C0003,Krishna Reddy,20,Male,Mumbai,P0002,Laptop,Electronics,34556,O0267,3,2/11/2025,Kolkata,5/9/2025,Wrong Item,103668
C0007,Ananya Iyer,57,Female,Bangalore,P0002,Laptop,Electronics,34556,O0413,1,12/12/2024,Pune,,,34556
C0013,Meera Nanda,56,Female,Chennai,P0002,Laptop,Electronics,34556,O0185,1,2/19/2025,Delhi,,,34556
C0006,Kabir Nair,56,Male,Kolkata,P0002,Laptop,Electronics,34556,O0071,1,11/29/2024,Lucknow,,,34556
C0006,Kabir Nair,56,Male,Kolkata,P0002,Laptop,Electronics,34556,O0417,1,4/11/2025,Hyderabad,,,34556
C0001,Vivaan Patel,53,Female,Bangalore,P0002,Laptop,Electronics,34556,O0021,5,12/4/2024,Hyderabad,,,172780
C0001,Vivaan Patel,53,Female,Bangalore,P0002,Laptop,Electronics,34556,O0059,4,3/26/2025,Mumbai,,,138224
C0001,Vivaan Patel,53,Female,Bangalore,P0002,Laptop,Electronics,34556,O0092,2,3/29/2025,Lucknow,5/13/2025,No Longer Needed,69112
C0001,Vivaan Patel,53,Female,Bangalore,P0002,Laptop,Electronics,34556,O0112,1,2/13/2025,Mumbai,,,34556
C0001,Vivaan Patel,53,Female,Bangalore,P0002,Laptop,Electronics,34556,O0410,3,12/2/2024,Hyderabad,,,103668
C0005,Rohan Mehta,51,Female,Bangalore,P0002,Laptop,Electronics,34556,O0128,4,12/3/2024,Pune,,,138224
C0012,Aanya Agarwal,44,Female,Mumbai,P0002,Laptop,Electronics,34556,O0178,4,2/27/2025,Lucknow,,,138224
C0019,Pooja Menon,46,Female,Pune,P0002,Laptop,Electronics,34556,O0046,5,2/25/2025,Ahmedabad,,,172780
C0019,Pooja Menon,46,Female,Pune,P0002,Laptop,Electronics,34556,O0498,4,1/17/2025,Hyderabad,,,138224
C0018,Kavya Rao,25,Male,Mumbai,P0002,Laptop,Electronics,34556,O0048,1,12/6/2024,Jaipur,,,34556
C0018,Kavya Rao,25,Male,Mumbai,P0002,Laptop,Electronics,34556,O0057,1,5/11/2025,Pune,5/12/2025,Late Delivery,34556
C0018,Kavya Rao,25,Male,Mumbai,P0002,Laptop,Electronics,34556,O0229,3,2/20/2025,Jaipur,,,103668
C0018,Kavya Rao,25,Male,Mumbai,P0002,Laptop,Electronics,34556,O0393,4,12/11/2024,Bangalore,,,138224
C0018,Kavya Rao,25,Male,Mumbai,P0002,Laptop,Electronics,34556,O0442,1,11/30/2024,Lucknow,12/10/2024,No Longer Needed,34556
C0016,Tanvi Ghosh,51,Female,Bangalore,P0001,Smartphone,Electronics,7656,O0309,1,11/30/2024,Mumbai,,,7656
C0014,Priya Desai,59,Male,Mumbai,P0001,Smartphone,Electronics,7656,O0264,1,3/24/2025,Kolkata,,,7656
C0011,Myra Bhatia,41,Female,Delhi,P0001,Smartphone,Electronics,7656,O0190,4,12/5/2024,Delhi,,,30626
C0011,Myra Bhatia,41,Female,Delhi,P0001,Smartphone,Electronics,7656,O0306,4,4/28/2025,Lucknow,,,30626
C0011,Myra Bhatia,41,Female,Delhi,P0001,Smartphone,Electronics,7656,O0456,5,12/29/2024,Bangalore,,,38282
C0015,Riya Chauhan,55,Female,Bangalore,P0001,Smartphone,Electronics,7656,O0355,4,11/30/2024,Pune,5/12/2025,Wrong Item,30626
C0017,Sneha Pillai,33,Male,Lucknow,P0001,Smartphone,Electronics,7656,O0363,4,1/4/2025,Kolkata,,,30626
C0010,Saanvi Joshi,37,Female,Mumbai,P0001,Smartphone,Electronics,7656,O0325,4,12/1/2024,Chennai,,,30626
C0004,Arjun Singh,26,Female,Ahmedabad,P0001,Smartphone,Electronics,7656,O0018,5,4/15/2025,Bangalore,4/18/2025,Wrong Item,38282
C0004,Arjun Singh,26,Female,Ahmedabad,P0001,Smartphone,Electronics,7656,O0114,2,1/15/2025,Jaipur,,,15313
C0004,Arjun Singh,26,Female,Ahmedabad,P0001,Smartphone,Electronics,7656,O0323,4,5/6/2025,Mumbai,,,30626
C0002,Aditya Verma,30,Female,Jaipur,P0001,Smartphone,Electronics,7656,O0287,3,1/17/2025,Hyderabad,,,22969
C0002,Aditya Verma,30,Female,Jaipur,P0001,Smartphone,Electronics,7656,O0351,1,12/28/2024,Hyderabad,,,7656
C0003,Krishna Reddy,20,Male,Mumbai,P0001,Smartphone,Electronics,7656,O0348,1,4/2/2025,Hyderabad,,,7656
C0003,Krishna Reddy,20,Male,Mumbai,P0001,Smartphone,Electronics,7656,O0353,4,1/31/2025,Mumbai,,,30626
C0007,Ananya Iyer,57,Female,Bangalore,P0001,Smartphone,Electronics,7656,O0015,5,1/21/2025,Hyderabad,,,38282
C0007,Ananya Iyer,57,Female,Bangalore,P0001,Smartphone,Electronics,7656,O0016,1,4/30/2025,Pune,,,7656
C0007,Ananya Iyer,57,Female,Bangalore,P0001,Smartphone,Electronics,7656,O0310,4,12/8/2024,Kolkata,,,30626
C0007,Ananya Iyer,57,Female,Bangalore,P0001,Smartphone,Electronics,7656,O0460,4,3/23/2025,Mumbai,,,30626
C0006,Kabir Nair,56,Male,Kolkata,P0001,Smartphone,Electronics,7656,O0237,5,3/11/2025,Kolkata,3/17/2025,Late Delivery,38282
C0001,Vivaan Patel,53,Female,Bangalore,P0001,Smartphone,Electronics,7656,O0288,4,1/14/2025,Jaipur,4/16/2025,Defective,30626
C0001,Vivaan Patel,53,Female,Bangalore,P0001,Smartphone,Electronics,7656,O0382,2,12/29/2024,Lucknow,,,15313
C0000,Aarav Sharma,43,Female,Kolkata,P0001,Smartphone,Electronics,7656,O0118,5,4/10/2025,Chennai,,,38282
C0005,Rohan Mehta,51,Female,Bangalore,P0001,Smartphone,Electronics,7656,O0260,4,1/2/2025,Chennai,,,30626
C0018,Kavya Rao,25,Male,Mumbai,P0001,Smartphone,Electronics,7656,O0225,2,12/10/2024,Chennai,,,15313
C0014,Priya Desai,59,Male,Mumbai,P0009,Air Purifier,Home Goods,6990,O0002,3,3/26/2025,Jaipur,,,20971
C0014,Priya Desai,59,Male,Mumbai,P0009,Air Purifier,Home Goods,6990,O0346,5,1/2/2025,Hyderabad,,,34952
C0011,Myra Bhatia,41,Female,Delhi,P0009,Air Purifier,Home Goods,6990,O0230,1,5/9/2025,Ahmedabad,5/21/2025,Wrong Item,6990
C0011,Myra Bhatia,41,Female,Delhi,P0009,Air Purifier,Home Goods,6990,O0426,4,2/20/2025,Lucknow,,,27961
C0015,Riya Chauhan,55,Female,Bangalore,P0009,Air Purifier,Home Goods,6990,O0045,2,3/11/2025,Hyderabad,4/1/2025,Wrong Item,13981
C0015,Riya Chauhan,55,Female,Bangalore,P0009,Air Purifier,Home Goods,6990,O0228,5,1/12/2025,Delhi,,,34952
C0015,Riya Chauhan,55,Female,Bangalore,P0009,Air Purifier,Home Goods,6990,O0364,4,3/6/2025,Kolkata,3/14/2025,Wrong Item,27961
C0017,Sneha Pillai,33,Male,Lucknow,P0009,Air Purifier,Home Goods,6990,O0027,4,3/17/2025,Bangalore,,,27961
C0017,Sneha Pillai,33,Male,Lucknow,P0009,Air Purifier,Home Goods,6990,O0087,2,4/2/2025,Pune,4/16/2025,Wrong Item,13981
C0017,Sneha Pillai,33,Male,Lucknow,P0009,Air Purifier,Home Goods,6990,O0291,5,12/8/2024,Bangalore,,,34952
C0008,Diya Kapoor,43,Female,Lucknow,P0009,Air Purifier,Home Goods,6990,O0013,3,1/6/2025,Bangalore,,,20971
C0008,Diya Kapoor,43,Female,Lucknow,P0009,Air Purifier,Home Goods,6990,O0104,5,11/22/2024,Lucknow,,,34952
C0008,Diya Kapoor,43,Female,Lucknow,P0009,Air Purifier,Home Goods,6990,O0132,5,2/12/2025,Mumbai,3/26/2025,Defective,34952
C0004,Arjun Singh,26,Female,Ahmedabad,P0009,Air Purifier,Home Goods,6990,O0215,4,11/26/2024,Pune,,,27961
C0004,Arjun Singh,26,Female,Ahmedabad,P0009,Air Purifier,Home Goods,6990,O0458,5,2/4/2025,Mumbai,,,34952
C0004,Arjun Singh,26,Female,Ahmedabad,P0009,Air Purifier,Home Goods,6990,O0483,2,3/1/2025,Mumbai,,,13981
C0002,Aditya Verma,30,Female,Jaipur,P0009,Air Purifier,Home Goods,6990,O0283,1,12/29/2024,Kolkata,,,6990
C0003,Krishna Reddy,20,Male,Mumbai,P0009,Air Purifier,Home Goods,6990,O0206,2,12/4/2024,Kolkata,2/8/2025,Other,13981
C0003,Krishna Reddy,20,Male,Mumbai,P0009,Air Purifier,Home Goods,6990,O0315,1,1/10/2025,Bangalore,2/4/2025,Other,6990
C0007,Ananya Iyer,57,Female,Bangalore,P0009,Air Purifier,Home Goods,6990,O0198,2,5/1/2025,Jaipur,,,13981
C0007,Ananya Iyer,57,Female,Bangalore,P0009,Air Purifier,Home Goods,6990,O0316,1,5/11/2025,Pune,,,6990
C0007,Ananya Iyer,57,Female,Bangalore,P0009,Air Purifier,Home Goods,6990,O0324,3,1/18/2025,Mumbai,3/19/2025,Wrong Item,20971
C0007,Ananya Iyer,57,Female,Bangalore,P0009,Air Purifier,Home Goods,6990,O0427,1,12/25/2024,Pune,,,6990
C0013,Meera Nanda,56,Female,Chennai,P0009,Air Purifier,Home Goods,6990,O0067,4,1/11/2025,Hyderabad,,,27961
C0013,Meera Nanda,56,Female,Chennai,P0009,Air Purifier,Home Goods,6990,O0360,4,2/16/2025,Mumbai,,,27961
C0006,Kabir Nair,56,Male,Kolkata,P0009,Air Purifier,Home Goods,6990,O0279,5,3/9/2025,Jaipur,,,34952
C0001,Vivaan Patel,53,Female,Bangalore,P0009,Air Purifier,Home Goods,6990,O0086,4,1/30/2025,Pune,,,27961
C0000,Aarav Sharma,43,Female,Kolkata,P0009,Air Purifier,Home Goods,6990,O0117,5,4/8/2025,Pune,,,34952
C0000,Aarav Sharma,43,Female,Kolkata,P0009,Air Purifier,Home Goods,6990,O0379,4,2/7/2025,Mumbai,3/20/2025,Defective,27961
C0000,Aarav Sharma,43,Female,Kolkata,P0009,Air Purifier,Home Goods,6990,O0478,3,5/7/2025,Jaipur,5/19/2025,No Longer Needed,20971
C0005,Rohan Mehta,51,Female,Bangalore,P0009,Air Purifier,Home Goods,6990,O0064,4,4/7/2025,Jaipur,,,27961
C0005,Rohan Mehta,51,Female,Bangalore,P0009,Air Purifier,Home Goods,6990,O0084,4,12/23/2024,Hyderabad,,,27961
C0005,Rohan Mehta,51,Female,Bangalore,P0009,Air Purifier,Home Goods,6990,O0111,1,2/14/2025,Jaipur,,,6990
C0005,Rohan Mehta,51,Female,Bangalore,P0009,Air Purifier,Home Goods,6990,O0218,2,12/20/2024,Ahmedabad,,,13981
C0012,Aanya Agarwal,44,Female,Mumbai,P0009,Air Purifier,Home Goods,6990,O0082,3,12/26/2024,Pune,,,20971
C0012,Aanya Agarwal,44,Female,Mumbai,P0009,Air Purifier,Home Goods,6990,O0222,5,2/26/2025,Ahmedabad,,,34952
C0012,Aanya Agarwal,44,Female,Mumbai,P0009,Air Purifier,Home Goods,6990,O0344,1,3/22/2025,Chennai,4/24/2025,Defective,6990
C0012,Aanya Agarwal,44,Female,Mumbai,P0009,Air Purifier,Home Goods,6990,O0437,4,12/25/2024,Jaipur,4/21/2025,Late Delivery,27961
C0019,Pooja Menon,46,Female,Pune,P0009,Air Purifier,Home Goods,6990,O0122,3,4/2/2025,Kolkata,,,20971
C0018,Kavya Rao,25,Male,Mumbai,P0009,Air Purifier,Home Goods,6990,O0157,2,4/4/2025,Pune,,,13981
C0018,Kavya Rao,25,Male,Mumbai,P0009,Air Purifier,Home Goods,6990,O0365,3,1/5/2025,Pune,1/20/2025,No Longer Needed,20971
C0018,Kavya Rao,25,Male,Mumbai,P0009,Air Purifier,Home Goods,6990,O0414,4,5/11/2025,Bangalore,,,27961
C0018,Kavya Rao,25,Male,Mumbai,P0009,Air Purifier,Home Goods,6990,O0431,5,3/5/2025,Lucknow,,,34952
C0014,Priya Desai,59,Male,Mumbai,P0010,Steel Blender,Home Goods,10446,O0203,4,1/4/2025,Pune,,,41785
C0014,Priya Desai,59,Male,Mumbai,P0010,Steel Blender,Home Goods,10446,O0220,1,4/12/2025,Kolkata,4/16/2025,Other,10446
C0011,Myra Bhatia,41,Female,Delhi,P0010,Steel Blender,Home Goods,10446,O0042,2,2/7/2025,Hyderabad,3/15/2025,Other,20893
C0011,Myra Bhatia,41,Female,Delhi,P0010,Steel Blender,Home Goods,10446,O0374,1,1/1/2025,Kolkata,,,10446
C0015,Riya Chauhan,55,Female,Bangalore,P0010,Steel Blender,Home Goods,10446,O0179,4,1/26/2025,Jaipur,5/8/2025,Defective,41785
C0017,Sneha Pillai,33,Male,Lucknow,P0010,Steel Blender,Home Goods,10446,O0080,2,12/6/2024,Pune,,,20893
C0017,Sneha Pillai,33,Male,Lucknow,P0010,Steel Blender,Home Goods,10446,O0187,5,5/5/2025,Hyderabad,,,52232
C0017,Sneha Pillai,33,Male,Lucknow,P0010,Steel Blender,Home Goods,10446,O0253,2,1/30/2025,Lucknow,4/26/2025,Other,20893
C0017,Sneha Pillai,33,Male,Lucknow,P0010,Steel Blender,Home Goods,10446,O0277,5,3/25/2025,Lucknow,,,52232
C0009,Ishita Shah,39,Female,Lucknow,P0010,Steel Blender,Home Goods,10446,O0212,5,12/28/2024,Delhi,,,52232
C0010,Saanvi Joshi,37,Female,Mumbai,P0010,Steel Blender,Home Goods,10446,O0129,1,2/23/2025,Jaipur,,,10446
C0010,Saanvi Joshi,37,Female,Mumbai,P0010,Steel Blender,Home Goods,10446,O0140,5,4/9/2025,Lucknow,,,52232
C0010,Saanvi Joshi,37,Female,Mumbai,P0010,Steel Blender,Home Goods,10446,O0165,4,11/26/2024,Kolkata,,,41785
C0010,Saanvi Joshi,37,Female,Mumbai,P0010,Steel Blender,Home Goods,10446,O0209,4,12/7/2024,Lucknow,,,41785
C0010,Saanvi Joshi,37,Female,Mumbai,P0010,Steel Blender,Home Goods,10446,O0380,2,1/7/2025,Bangalore,,,20893
C0004,Arjun Singh,26,Female,Ahmedabad,P0010,Steel Blender,Home Goods,10446,O0263,2,5/18/2025,Jaipur,,,20893
C0002,Aditya Verma,30,Female,Jaipur,P0010,Steel Blender,Home Goods,10446,O0330,1,1/25/2025,Jaipur,,,10446
C0002,Aditya Verma,30,Female,Jaipur,P0010,Steel Blender,Home Goods,10446,O0350,5,4/13/2025,Chennai,4/26/2025,Defective,52232
C0003,Krishna Reddy,20,Male,Mumbai,P0010,Steel Blender,Home Goods,10446,O0014,5,2/21/2025,Hyderabad,4/2/2025,Defective,52232
C0003,Krishna Reddy,20,Male,Mumbai,P0010,Steel Blender,Home Goods,10446,O0308,1,2/7/2025,Hyderabad,,,10446
C0013,Meera Nanda,56,Female,Chennai,P0010,Steel Blender,Home Goods,10446,O0070,1,3/4/2025,Hyderabad,4/20/2025,Defective,10446
C0013,Meera Nanda,56,Female,Chennai,P0010,Steel Blender,Home Goods,10446,O0272,4,12/24/2024,Hyderabad,12/31/2024,Defective,41785
C0001,Vivaan Patel,53,Female,Bangalore,P0010,Steel Blender,Home Goods,10446,O0358,5,1/19/2025,Lucknow,,,52232
C0001,Vivaan Patel,53,Female,Bangalore,P0010,Steel Blender,Home Goods,10446,O0487,5,12/10/2024,Hyderabad,,,52232
C0000,Aarav Sharma,43,Female,Kolkata,P0010,Steel Blender,Home Goods,10446,O0270,2,2/16/2025,Ahmedabad,,,20893
C0005,Rohan Mehta,51,Female,Bangalore,P0010,Steel Blender,Home Goods,10446,O0032,4,2/15/2025,Pune,,,41785
C0005,Rohan Mehta,51,Female,Bangalore,P0010,Steel Blender,Home Goods,10446,O0236,2,5/10/2025,Hyderabad,,,20893
C0005,Rohan Mehta,51,Female,Bangalore,P0010,Steel Blender,Home Goods,10446,O0354,4,2/1/2025,Pune,,,41785
C0005,Rohan Mehta,51,Female,Bangalore,P0010,Steel Blender,Home Goods,10446,O0409,4,4/21/2025,Bangalore,,,41785
C0012,Aanya Agarwal,44,Female,Mumbai,P0010,Steel Blender,Home Goods,10446,O0210,1,5/18/2025,Kolkata,,,10446
C0012,Aanya Agarwal,44,Female,Mumbai,P0010,Steel Blender,Home Goods,10446,O0391,1,1/16/2025,Bangalore,,,10446
C0019,Pooja Menon,46,Female,Pune,P0010,Steel Blender,Home Goods,10446,O0154,3,1/16/2025,Pune,,,31339
C0019,Pooja Menon,46,Female,Pune,P0010,Steel Blender,Home Goods,10446,O0447,4,1/24/2025,Mumbai,,,41785
C0019,Pooja Menon,46,Female,Pune,P0010,Steel Blender,Home Goods,10446,O0479,3,3/5/2025,Chennai,,,31339
C0018,Kavya Rao,25,Male,Mumbai,P0010,Steel Blender,Home Goods,10446,O0077,3,4/9/2025,Hyderabad,,,31339
C0018,Kavya Rao,25,Male,Mumbai,P0010,Steel Blender,Home Goods,10446,O0332,1,5/16/2025,Pune,,,10446
C0018,Kavya Rao,25,Male,Mumbai,P0010,Steel Blender,Home Goods,10446,O0375,2,5/20/2025,Lucknow,,,20893
C0018,Kavya Rao,25,Male,Mumbai,P0010,Steel Blender,Home Goods,10446,O0445,4,3/14/2025,Mumbai,,,41785
C0014,Priya Desai,59,Male,Mumbai,P0005,Jackets,Clothing,46034,O0335,2,3/4/2025,Delhi,3/18/2025,Defective,92068
C0011,Myra Bhatia,41,Female,Delhi,P0005,Jackets,Clothing,46034,O0099,3,3/31/2025,Kolkata,,,138102
C0011,Myra Bhatia,41,Female,Delhi,P0005,Jackets,Clothing,46034,O0259,1,1/21/2025,Kolkata,,,46034
C0015,Riya Chauhan,55,Female,Bangalore,P0005,Jackets,Clothing,46034,O0131,1,2/4/2025,Delhi,,,46034
C0015,Riya Chauhan,55,Female,Bangalore,P0005,Jackets,Clothing,46034,O0449,3,12/1/2024,Mumbai,,,138102
C0017,Sneha Pillai,33,Male,Lucknow,P0005,Jackets,Clothing,46034,O0005,2,3/3/2025,Chennai,,,92068
C0017,Sneha Pillai,33,Male,Lucknow,P0005,Jackets,Clothing,46034,O0119,1,1/20/2025,Jaipur,5/4/2025,Late Delivery,46034
C0017,Sneha Pillai,33,Male,Lucknow,P0005,Jackets,Clothing,46034,O0238,5,3/9/2025,Jaipur,,,230170
C0010,Saanvi Joshi,37,Female,Mumbai,P0005,Jackets,Clothing,46034,O0031,5,1/8/2025,Hyderabad,,,230170
C0010,Saanvi Joshi,37,Female,Mumbai,P0005,Jackets,Clothing,46034,O0037,5,3/14/2025,Lucknow,,,230170
C0010,Saanvi Joshi,37,Female,Mumbai,P0005,Jackets,Clothing,46034,O0094,1,2/24/2025,Hyderabad,,,46034
C0010,Saanvi Joshi,37,Female,Mumbai,P0005,Jackets,Clothing,46034,O0438,5,5/21/2025,Ahmedabad,5/21/2025,Late Delivery,230170
C0010,Saanvi Joshi,37,Female,Mumbai,P0005,Jackets,Clothing,46034,O0450,3,3/22/2025,Chennai,,,138102
C0008,Diya Kapoor,43,Female,Lucknow,P0005,Jackets,Clothing,46034,O0008,1,1/31/2025,Lucknow,,,46034
C0008,Diya Kapoor,43,Female,Lucknow,P0005,Jackets,Clothing,46034,O0357,4,3/28/2025,Bangalore,,,184136
C0004,Arjun Singh,26,Female,Ahmedabad,P0005,Jackets,Clothing,46034,O0010,1,1/7/2025,Chennai,2/24/2025,Late Delivery,46034
C0004,Arjun Singh,26,Female,Ahmedabad,P0005,Jackets,Clothing,46034,O0164,1,11/26/2024,Pune,,,46034
C0004,Arjun Singh,26,Female,Ahmedabad,P0005,Jackets,Clothing,46034,O0167,3,2/18/2025,Lucknow,3/2/2025,Defective,138102
C0004,Arjun Singh,26,Female,Ahmedabad,P0005,Jackets,Clothing,46034,O0452,4,1/31/2025,Kolkata,,,184136
C0002,Aditya Verma,30,Female,Jaipur,P0005,Jackets,Clothing,46034,O0146,2,12/22/2024,Pune,5/15/2025,Other,92068
C0002,Aditya Verma,30,Female,Jaipur,P0005,Jackets,Clothing,46034,O0361,4,2/10/2025,Bangalore,,,184136
C0002,Aditya Verma,30,Female,Jaipur,P0005,Jackets,Clothing,46034,O0416,5,3/7/2025,Ahmedabad,,,230170
C0002,Aditya Verma,30,Female,Jaipur,P0005,Jackets,Clothing,46034,O0457,5,4/17/2025,Pune,,,230170
C0002,Aditya Verma,30,Female,Jaipur,P0005,Jackets,Clothing,46034,O0467,1,2/12/2025,Pune,,,46034
C0003,Krishna Reddy,20,Male,Mumbai,P0005,Jackets,Clothing,46034,O0443,5,5/11/2025,Kolkata,,,230170
C0007,Ananya Iyer,57,Female,Bangalore,P0005,Jackets,Clothing,46034,O0085,2,4/7/2025,Ahmedabad,,,92068
C0007,Ananya Iyer,57,Female,Bangalore,P0005,Jackets,Clothing,46034,O0088,2,2/7/2025,Kolkata,2/16/2025,No Longer Needed,92068
C0007,Ananya Iyer,57,Female,Bangalore,P0005,Jackets,Clothing,46034,O0125,1,5/21/2025,Mumbai,5/21/2025,Late Delivery,46034
C0007,Ananya Iyer,57,Female,Bangalore,P0005,Jackets,Clothing,46034,O0232,1,1/3/2025,Ahmedabad,,,46034
C0013,Meera Nanda,56,Female,Chennai,P0005,Jackets,Clothing,46034,O0079,3,12/7/2024,Mumbai,,,138102
C0013,Meera Nanda,56,Female,Chennai,P0005,Jackets,Clothing,46034,O0105,2,1/18/2025,Hyderabad,,,92068
C0013,Meera Nanda,56,Female,Chennai,P0005,Jackets,Clothing,46034,O0444,4,1/10/2025,Ahmedabad,,,184136
C0006,Kabir Nair,56,Male,Kolkata,P0005,Jackets,Clothing,46034,O0020,3,12/14/2024,Chennai,,,138102
C0001,Vivaan Patel,53,Female,Bangalore,P0005,Jackets,Clothing,46034,O0226,2,3/11/2025,Jaipur,5/20/2025,Wrong Item,92068
C0001,Vivaan Patel,53,Female,Bangalore,P0005,Jackets,Clothing,46034,O0298,2,2/1/2025,Delhi,,,92068
C0001,Vivaan Patel,53,Female,Bangalore,P0005,Jackets,Clothing,46034,O0423,4,3/28/2025,Ahmedabad,,,184136
C0000,Aarav Sharma,43,Female,Kolkata,P0005,Jackets,Clothing,46034,O0025,5,1/27/2025,Lucknow,,,230170
C0000,Aarav Sharma,43,Female,Kolkata,P0005,Jackets,Clothing,46034,O0038,3,3/21/2025,Hyderabad,,,138102
C0000,Aarav Sharma,43,Female,Kolkata,P0005,Jackets,Clothing,46034,O0066,4,2/2/2025,Jaipur,5/10/2025,Wrong Item,184136
C0000,Aarav Sharma,43,Female,Kolkata,P0005,Jackets,Clothing,46034,O0155,4,1/4/2025,Pune,1/12/2025,Defective,184136
C0005,Rohan Mehta,51,Female,Bangalore,P0005,Jackets,Clothing,46034,O0446,4,4/15/2025,Bangalore,,,184136
C0012,Aanya Agarwal,44,Female,Mumbai,P0005,Jackets,Clothing,46034,O0056,1,12/20/2024,Hyderabad,5/20/2025,No Longer Needed,46034
C0012,Aanya Agarwal,44,Female,Mumbai,P0005,Jackets,Clothing,46034,O0389,3,3/19/2025,Bangalore,,,138102
C0019,Pooja Menon,46,Female,Pune,P0005,Jackets,Clothing,46034,O0145,2,5/1/2025,Delhi,,,92068
C0018,Kavya Rao,25,Male,Mumbai,P0005,Jackets,Clothing,46034,O0240,5,1/10/2025,Delhi,,,230170
C0018,Kavya Rao,25,Male,Mumbai,P0005,Jackets,Clothing,46034,O0320,5,12/15/2024,Hyderabad,,,230170
C0011,Myra Bhatia,41,Female,Delhi,P0011,Closet,Home Goods,16320,O0003,3,12/11/2024,Lucknow,,,48960
C0015,Riya Chauhan,55,Female,Bangalore,P0011,Closet,Home Goods,16320,O0489,3,5/18/2025,Jaipur,,,48960
C0009,Ishita Shah,39,Female,Lucknow,P0011,Closet,Home Goods,16320,O0289,5,1/27/2025,Pune,,,81600
C0010,Saanvi Joshi,37,Female,Mumbai,P0011,Closet,Home Goods,16320,O0197,1,5/17/2025,Bangalore,,,16320
C0010,Saanvi Joshi,37,Female,Mumbai,P0011,Closet,Home Goods,16320,O0493,1,12/9/2024,Hyderabad,,,16320
C0008,Diya Kapoor,43,Female,Lucknow,P0011,Closet,Home Goods,16320,O0177,2,4/1/2025,Pune,,,32640
C0008,Diya Kapoor,43,Female,Lucknow,P0011,Closet,Home Goods,16320,O0208,4,1/4/2025,Jaipur,,,65280
C0008,Diya Kapoor,43,Female,Lucknow,P0011,Closet,Home Goods,16320,O0245,4,1/3/2025,Pune,,,65280
C0008,Diya Kapoor,43,Female,Lucknow,P0011,Closet,Home Goods,16320,O0276,1,12/9/2024,Hyderabad,,,16320
C0008,Diya Kapoor,43,Female,Lucknow,P0011,Closet,Home Goods,16320,O0412,3,3/30/2025,Chennai,3/31/2025,Late Delivery,48960
C0008,Diya Kapoor,43,Female,Lucknow,P0011,Closet,Home Goods,16320,O0470,4,12/10/2024,Jaipur,,,65280
C0008,Diya Kapoor,43,Female,Lucknow,P0011,Closet,Home Goods,16320,O0481,3,1/11/2025,Chennai,,,48960
C0008,Diya Kapoor,43,Female,Lucknow,P0011,Closet,Home Goods,16320,O0482,3,11/25/2024,Hyderabad,2/22/2025,Defective,48960
C0004,Arjun Singh,26,Female,Ahmedabad,P0011,Closet,Home Goods,16320,O0063,3,1/12/2025,Delhi,,,48960
C0004,Arjun Singh,26,Female,Ahmedabad,P0011,Closet,Home Goods,16320,O0331,4,1/30/2025,Delhi,,,65280
C0004,Arjun Singh,26,Female,Ahmedabad,P0011,Closet,Home Goods,16320,O0472,2,12/12/2024,Lucknow,,,32640
C0003,Krishna Reddy,20,Male,Mumbai,P0011,Closet,Home Goods,16320,O0255,4,3/8/2025,Mumbai,,,65280
C0003,Krishna Reddy,20,Male,Mumbai,P0011,Closet,Home Goods,16320,O0463,1,2/22/2025,Hyderabad,2/24/2025,Other,16320
C0007,Ananya Iyer,57,Female,Bangalore,P0011,Closet,Home Goods,16320,O0359,3,4/17/2025,Ahmedabad,4/18/2025,No Longer Needed,48960
C0007,Ananya Iyer,57,Female,Bangalore,P0011,Closet,Home Goods,16320,O0370,2,12/16/2024,Chennai,,,32640
C0007,Ananya Iyer,57,Female,Bangalore,P0011,Closet,Home Goods,16320,O0469,2,3/4/2025,Hyderabad,,,32640
C0013,Meera Nanda,56,Female,Chennai,P0011,Closet,Home Goods,16320,O0019,4,1/9/2025,Ahmedabad,,,65280
C0013,Meera Nanda,56,Female,Chennai,P0011,Closet,Home Goods,16320,O0223,4,3/5/2025,Pune,,,65280
C0006,Kabir Nair,56,Male,Kolkata,P0011,Closet,Home Goods,16320,O0435,2,1/18/2025,Lucknow,,,32640
C0001,Vivaan Patel,53,Female,Bangalore,P0011,Closet,Home Goods,16320,O0039,1,4/18/2025,Ahmedabad,,,16320
C0001,Vivaan Patel,53,Female,Bangalore,P0011,Closet,Home Goods,16320,O0497,5,1/24/2025,Lucknow,,,81600
C0000,Aarav Sharma,43,Female,Kolkata,P0011,Closet,Home Goods,16320,O0471,1,3/7/2025,Ahmedabad,,,16320
C0000,Aarav Sharma,43,Female,Kolkata,P0011,Closet,Home Goods,16320,O0485,4,2/2/2025,Chennai,,,65280
C0005,Rohan Mehta,51,Female,Bangalore,P0011,Closet,Home Goods,16320,O0173,5,1/16/2025,Mumbai,,,81600
C0005,Rohan Mehta,51,Female,Bangalore,P0011,Closet,Home Goods,16320,O0183,5,4/14/2025,Mumbai,,,81600
C0005,Rohan Mehta,51,Female,Bangalore,P0011,Closet,Home Goods,16320,O0201,4,4/12/2025,Pune,4/20/2025,Other,65280
C0005,Rohan Mehta,51,Female,Bangalore,P0011,Closet,Home Goods,16320,O0418,3,1/3/2025,Delhi,,,48960
C0018,Kavya Rao,25,Male,Mumbai,P0011,Closet,Home Goods,16320,O0144,4,4/25/2025,Delhi,5/13/2025,Other,65280
C0018,Kavya Rao,25,Male,Mumbai,P0011,Closet,Home Goods,16320,O0184,4,5/17/2025,Kolkata,,,65280
C0018,Kavya Rao,25,Male,Mumbai,P0011,Closet,Home Goods,16320,O0402,2,11/29/2024,Bangalore,,,32640
